box,artist,name,version,tag
1,חווה אלברשטיין,השנים הראשונות,16 דיסקים,
1,חווה אלברשטיין,בשירים עבריים,,
1,חווה אלבשרטיין,פרח הלילך,,
1,חווה אלבשרטיין,והפלטינה,,
1,חווה אלברשטיין,מרדף,,
1,חווה אלברשטיין,לו יהי,,
1,חווה אלברשטיין,לו יהי,הוקלט בהופעה פומבית,
1,חווה אלברשטיין,בתכנית יחיד,,
1,חווה אלברשטיין,והפלטינה,,
1,חווה אלברשטיין,והפלטינה,,
1,חווה אלברשטיין,כמו צמח בר,,
1,חווה אלברשטיין,התבהרות,,
1,חווה אלברשטיין,הלילה הוא שירים,,
1,חווה אלברשטיין,נמל בית,,
1,חווה אלברשטיין,שרה לילדים צוללת צברית,,
1,חווה אלברשטיין,הצורך במילה,,
1,חווה אלברשטיין,לונדון,,
1,חווה אלברשטיין,מהגרים,,
1,חווה אלברשטיין,להיטי זהב,,
1,חווה אלברשטיין,שירי ילדים צעצועיה של אסנת,,
1,חווה אלברשטיין,אישה באבטיח,,
1,חווה אלברשטיין,ואמנון מסקין אנדנדינו,,
1,חווה אלברשטיין,טיקיליטון,,
1,חווה אלברשטיין,האבן מיר אניגנדו,,
1,חווה אלברשטיין,מארגאריטעלעך,,
1,חווה אלברשטיין,זיגנט יידיש,,
1,חווה אלברשטיין,עוד שירים ביידיש,,
1,חווה אלברשטיין,שירי פולקלור יהודיים (ספרדית),,
1,חווה אלברשטיין,ואיך אצלך,,
1,אלג'יר מנועים,קדימה,,
1,דודו אלהרר,בולבול טרנג,,
1,דודו אלהרר,הענק מארץ קנאק,,
1,דודו אלהרר,שרץ שרץ תרדוף,,
1,דודו אלהרר,איזה יום יפה,,
1,דודו אלהרר,תקליט הילד ניסים,שדרים,
1,גדי אלון,SING OBELOVED LAND,,
1,גדי אלון,STELS SHOW תקליטון,,
1,גדי אלון,ירושלים,,
1,גבע אלון,תהיי איתי,,
1,גבע אלון,מחפש שמיים,,
1,גבע אלון,פולואו,,
1,גבע אלון,GET CLOSER,,
1,יגאל אלון,שירים שאהב,,
1,יוסי אלון,להיט מהצפון,,
1,אפרת אלוני,מתחילים להבין,,
1,מירי אלוני מונה ליזה של המאה ה,20,,
1,מירי אלוני,טיפה אהבה,,
1,מירי אלוני,אליהו,,
1,עמוס אלוני,וחלילו,,
1,אלוף בצלות,ואלוף שום מחזמר,,
1,רן אלירן,מארבע רוחות שמיים,,
1,רן אלירן,1968,,
1,רן אלירן,תן לשיר,,
1,רן אלירן,בג'רי קוקלב LA,,
1,רן אלירן,זר של פזמונים,,
1,רן אלירן,נוסטלגיה זה כבר לא מה שהיה,,
1,רן אלירן,זה שיגעון,,
1,רן אלירן,פיצ'רינג סונג אוף דה סיקס דיי וור,,
1,רן אלירן,זר של פזמונים,,
1,רן אלירן,לה במבה,,
1,רן אלירן,פסיכדלי,,
1,רן אלירן,ניו סאונדס אוף ישראל,,
1,רן אלירן,מודרנ מודס אוף ישראל,,
1,רן אלירן,וואט דו יו דו וון יו אר יאנג אנד וויט אנד ג'ו,,
1,רן אלירן,הום וורלד,,
1,רן אלירן,טוויליט סונגס אוף ישראל,,
1,רן אלירן,דה בסט אוף,,
1,רן אלירן,גולדן סונגס אוף ישראל,,
1,רן אלירן,לדינו,,
1,רן אלירן,סינגס,,
1,רן אלירן,ווינדוס אוף דה וורלד,,
1,רן אלירן,ושלום סינגרס לטס אול סינג אלונג,,
2,אלינור שרה,נעמי שמר,,
2,שרה אלכסנדר,שלום,,
2,אלכסנדרה,,,
2,אלכסנדרה,יקלוט,,
2,אלכסנדרה,ועודד,,
2,גילה אלמגור,לולה הקטנה,,
2,גילה אלמגור,כמעט חזקה,,
2,גילה אלמגור,כמעט חזקה,שדרים,
2,אשר אלמגרבי,חסן אבו פיתה,,
2,ויקטור אלמגריבי,,,
2,אלף נשיקות,קטנות הסרט,פסקול,
2,זוהרה אלפסיה,,,
2,אסתר אלפסי,,,
2,יוסי אלפנט,למה פיל אבוד,,
2,יוסי אלפנט,שיר הדביל,,
2,יוסי אלפנט,סוזן,,
2,יוסי אלפנט,למה פיל איך כש,,
2,יוסי אלפנט,רום 101,,
2,אלקטרה,,,
2,אלקטריק זו,,,
2,ג'קי אלקיים,לך קריית גת,,
2,ג'קי אלקיים,,,
2,ג'קי אלקיים,מבחר שירים מהקלטת,,
2,ג'קי אלקיים,בזכות באבא סלי,,
2,עשור אלקיים,הפסנתר המזמר,,
2,עם אשכח,"ירושלים, שירי ירושלים מאז ועד היום",,
2,אמא קטנה,,,
2,אסף אמדורסקי,אלבום בכורה,,
2,אסף אמדורסקי,השמים הכחולים,,
2,אסף אמדורסקי,מנועים שקטים,,
2,אסף אמדורסקי,הרי את,,
2,אסף אמדורסקי,פה,,
2,אסף אמדורסקי,432,,
2,בני אמדורסקי,,,
2,"עשור לאמי,",אגודת אמני ישראל. אמני ישראל שרים,,
2,דני אמיר,נסיגה בשלבים,,
2,אנ אמ,סי (NMC) פרומו,דיסקים,
2,אנג'לה חבלה,יוונית עם בן מוש,,
2,אנגלית קלה,,,
2,The angelcy,,,
2,אנו נהיה,הראשונים,,
2,אנו נהיה,הראשונים 1,,
2,אנו נהיה,הראשונים 2,,
2,אנו עולים,"ושרים, שירי השומר הצעיר",,
2,אנו עולים,"ושרים, שירים השומר הצעיר 2",,
2,אנחנו כאן,1,,
2,אנחנו כאן,2,,
2,אנחנו כאן,3,,
2,אנחנו לא,נספיק לשיר ירוק,,
2,אנחנו לא,נפסיק לשיר טיילת תל אביב,,
2,אנחנו לא,נפסיק לשיר כותל,,
2,אנחנו שרים,לך,,
2,אני ואת,ושירים,,
2,אני לא,מפחד מהגן,,
2,אני לא,מפחד מכיתה א,,
2,אני ציוני,,,
2,אני אשתגע,,,
2,האנסמבל הישראלי,לכלי פריטה,,
2,מרגלית אנקורי,מוכרחים לזוז,,
2,מרגלית אנקורי,היו ימים,,
2,אתי אנקרי,רואה לך בעיניים,,
2,אנרגיה חולנית,,,
2,ספיחס אסקימו,לימון 4,,
2,אסקימו לימון,,,
2,אסקימו לימון,שיפשוף נעים 3,,
2,אסקימו לימון,יוצאים קבוע,,
2,אסקימו לימון,באנגלית,,
2,16 להיטים,מהסרט אסקימו לימון שירים מקוריים,,
2,אף אוזן,גרון שמש אחת,,
2,אפור גשום,תנשמת,,
2,אפור גשום,שעון החול,,
2,אפור גשום,מקום אחר,,
2,קורין אלאל,אצבעות שמחות,,
2,נועם אקוטונס,זר דפנה לנצח,,
2,אקסודוס,,,
2,עופר אקרלינג,לא רוצה לזמביה,,
2,עופר אקרלינג,ילדי טלויזיה,,
2,גרי אקשטיין,מחזור א',,
2,ג'רי אקשטיין,לא לשידור,,
2,גרי אקשטיין,עבודת יד,,
2,גרי אקשטיין,גדליהו והמסטוק מספר החתול שמיל,,
2,יורם ארבל,(בקופסא תקליט יקר),,
2,יורם ארבל,מספר הבית ברחוב פיציקטו,,
2,4 קולות,,,
2,14 האוקטבות,,,
2,14 אוקטבות,,מהדורה חדשה,
2,44 שעות,בירושלים ביקור הנשיא סעדת בעברית,,
2,44 שעות,בירושלים ביקור הנשיא סעדת אנגלית,,
2,שיר אהבה,חיילי לסאשה ארגוב,,
2,שרון ארון,שירים ישראליים,,
3,זוהר ארגוב,חייו ומותו של המלך 17 דיסקים,מארז,
3,זוהר ארגוב,כך עוברים חיי,,
3,זוהר ארגוב,להיות אדם,,
3,זוהר ארגוב,היו זמנים,,
3,זוהר ארגוב,אמריקה שלי,,
3,זוהר ארגוב,אלינור,,
3,זוהר ארגוב,נכון להיום,,
3,זוהר ארגוב,נכוןלהיום מהדורה מקורית,,
3,זוהר ארגוב,אלינור,מהדורה חדשה,
3,סשה ארגוב,עדנה גורן וקובי רכט,,
3,נגה ארז,OF THE REDAR,,
3,נגה ארז,AGAINST THE MACHIN,,
3,ראובן ארז,דחף פנימי,,
3,ראובן ארז,נער הלילה,,
3,ארז פרופר,ליידי,,
3,ירדנה ארזי,אתה לי ארץ,,
3,ירדנה ארזי,דרישת שלום,,
3,ירדנה ארזי,עוד יום אחד,,
3,ירדנה ארזי,נשמה צענית,,
3,ירדנה ארזי,ריח דבש וריח מנטה,,
3,ירדנה ארזי,מה נשמע,,
3,ירדנה ארזי,,,
3,ירדנה ארזי,דמיון מזרחי,,
3,ירדנה ארזי,רמיקס,,
3,מאיר אריאל,שירי חג ומועד ונופל,,
3,מאיר אריאל,וגלוי עיניים,,
3,מאיר אריאל,ירוקות,,
3,מאיר אריאל,עברנו את פרעה,,
3,מאיר אריאל,וגלוי עיניים,מהדורה חדשה,
3,מאיר אריאל,רישומי פחם,,
3,מאיר אריאל,ירוקות,מהדורה חדשה,
3,מאיר אריאל,שיר הקומבינה,,
3,מאיר אריאל,מדרש יונתי,,
3,להקת האריות,תותי פרוטי,,
3,להקת האריות,עם מירי וחיימון לילה ויום,,
3,להקת האריות,הו דרלינג,,
3,להקת האריות,כמו שאהבנו,,
3,להקת האריות,טלוויזיה,,
3,ארמון,,,
3,מ. ארייניס,,,
3,דפנה ארמוני,,,
3,דפנה ארמוני,סיפור בג'ינס,,
3,יהודה ארן,קולות ודמויות,,
3,לוסי ארנון,,,
3,זמרה אורנת,שירים ישאליים,,
3,ארץ טרופית,יפה,,
3,ארץ ישראל,שלי מיטב שירי ארץ ישראל לילדים,,
3,שלמה ארצי,ושלום חנוך דיסק,,
3,שלמה ארצי,טיול לארץ התווים,,
3,שלמה ארצי,חצות,,
3,שלמה ארצי,מקום,,
3,שלמה ארצי,לילה לא שקט,,
3,שלמה ארצי,דרכים,,
3,שלמה ארצי,תרקוד,,
3,שלמה ארצי,השירים,,
3,שלמה ארצי,השירים היפים,,
3,שלמה ארצי,שר ומספר לילדים על יאן הגמד,,
3,שלמה ארצי,השירים 2,,
3,שלמה ארצי,חום יולי אוגוסט,,
3,שלמה ארצי,חום יולי אוגוסט2,,
3,שלמה ארצי,זמר השנה,,
3,שלמה ארצי,על אנשים,,
3,שלמה ארצי,לכל החברים מהמסע מים אל ים,,
3,שלמה ארצי,ואצ'ו,,
3,שלמה ארצי,כרטיס ללונה פארק,,
3,שלמה ארצי,כרטיס ללונה פארק,,
3,שלמה ארצי,רומנסה ופיוט,,
3,שלמה ארצי,אומרים ישנה ארץ,,
3,שלמה ארצי,את ואני,,
3,שלמה ארצי,פתאום אחרי ימים רבים,,
3,שלמה ארצי,תעודת זהות,,
3,שלמה ארצי,תעודת זהות,,
3,שלמה ארצי,משחקי 26,,
3,שלמה ארצי,טיול לארץ התווים,,
3,שלמה ארצי,טיול לארץ התווים,,
3,שלמה ארצי,סייסטה מקומית,,
3,שלמה ארצי,אחרי שנואבה נגמרה,,
3,שלמה ארצי,ירח,מהדורה חדשה,
3,שלמה ארצי,שניים,,
3,שלמה ארצי,לייבארבי,,
4,שלמה ארצי,מאיר שלו סיפורי התנך לילדים,,
4,שלמה ארצי,מאיר שלו סיפורי התנך לילדים ב,,
4,שלמה ארצי,מאיר שלו סיפורי התנך לילדים ג,,
4,שלמה ארצי,שר ומספר לילדים על יאן הגמד,,
4,שלמה ארצי,אהבתיהם,,
4,שלמה ארצי,יום ארוך,דיג'י,
4,שלמה ארצי,אושר אקספרס,,
4,שלמה ארצי,רומנסייה ופיוט,,
4,שלמה ארצי,ואצ'י,מהדורה חדשה,
4,ארצנו הרוקדת,משה אושרוביץ ולהקתו,,
4,אילן אשד,לשיר בחצוצרה,,
4,יזהר אשדות,הופעה חיה בהארד רוק קפה,,
4,יזהר אשדות,האלבום השני,,
4,האשקולית של,בית השיטה,,
4,אשרי האיש,חבורת שירלי,,
4,יהודה אשש,,,
4,רוני אשתר,זה הזמן,,
4,את תלכי,בשדה שירי לאה גולדברג,,
4,אתניקס האוסף,ספר,,
4,אתניקס,,,
4,אתניקס מסאלה,,,
4,אתניקס היי,דרומה,דיג'י,
4,באה התזמורת,שירי תזמורת וכלי הקשה לילדים,,
4,הדסה באו,למרות הקול הכל בסדר,,
4,יאיר באני,ברוח הזמן,,
4,באמת או,בצחוק מתוך ההצגה,,
4,בבהילו יצאנו,מצרים סדר פסח של יהודי מרוקו,,
4,תזמורת כלי,פריטה בנגב באר שבע קונסרבטוריום העירוני,,
4,תזמורת הנוער,העירוני באר שבע,,
4,אלברט בגר,קברטט,,
4,בגובה העיניים,יוני רכטר עלי מוהר,,
4,מנחם בגין,דיוקן,,
4,מני בגר,רוק תל אביב,,
4,מני בגר,הייתי בגן עדן,,
4,מני בגר,חייל של יום אחד,,
4,מני בגר,יצחק קלפטר דואט שלי עם יצחק,,
4,בדומיה שירי,יהדות ברית המועצות ואסירי ציון,,
4,שרה בדני,,,
4,בדל של,אור ברי סחרוף דודו טסה,,
4,בדרך לארוויזיון,,,
4,בדרך מערבה,,,
4,רוברט יוסף,בכר,,
4,בוא איתי,אל הגליל,,
4,בוא לבר,בונג רוק,,
4,בוא לבר,החבר שלי חשושי,,
4,בוא לבר,ג,,
4,בואו נשיר,,,
4,יעקב בודו,הצביעו בעד בודו,,
4,יעקב בודו,יידיש קייט,,
4,מרדכי בוזגלו,אל המקורות,,
4,מרדכי בוזגלו,לשיר ולשמוח,,
4,עירית בולקה,אדון שלי,דיג'י,
4,עירית בולקה,אנא סלח,,
4,עירית בולקה,בחלום אחר,,
4,עירית בולקא,כמו שני זרים,,
4,עירית בולקא,לילה קר,,
4,עירית בולקא,הלאה,,
4,בום פם,רויאל,,
4,בוני ירושלים,,,
4,א א,בוסקוביץ סויטה שמית שרשרת הזהב,,
4,בוסתן ספרדי,,,
4,אלון בור,חלומריבה,,
4,בורגראנץ שיר,התפריט,,
4,צבי בורודו,,,
4,מייק בורשטיין,שלכם לשעה קלה,,
4,מייק בורשטיין,שר ומספר,,
4,מייק בורשטיין,חווה אלברשטיין יידיש פולקסונגס,,
4,מייק בורשטיין,להיטי זהב,,
4,מייק בורשטיין,באנגלית לייב בירושלים,,
4,מייק בורשטיין,סונגס טו גרייט יידיש מיוזיקלס,,
4,מייק בורשטיין,באנגלית לייב בירושלים במהדורה אחרת,,
4,מייק בורשטיין,בשירי מרדכי גבירטיג,,
4,משפחת בורשטיין,א חתונה אין שטעטל,,
4,משפחת בורשטיין,מיין שטעטעלע בעלז,,
4,הבחורים מאפיקים,,,
4,הבחורים מאפיקים,,,
4,הבחורים מאפיקים,לשיר זה כמו לסחוב פסנתר,,
4,הבחורים מאפיקים,שירי לאה גולדברג,,
4,בחייהם ובמותם,,,
4,הבטלנים עבודה,בעיניים,,
4,ג'נה ביאליק,ארץ,,
4,ביידיש זה,נשמע יותר טוב,,
4,ביגי,,,
4,בין הצלצולים,מחזמר,,
4,דה גרייט,אנד גלורייס,,
4,תיאודור ביקל,יהדות הדממה,,
4,רותי ביקל,הירח הצהוב,,
4,אריק בירן,להיות כוכב,,
4,סמי בירנבך,ונבג'מין לואו מייד טו מגר,,
4,סמי בירנבך,ומיתר,,
4,בלובנד,,,
4,בלוז לחופש,הגדול,,
4,יוני בלוך,הרגלים רעים,,
4,יוני בלוך,אולי זה אני,,
4,בלונים נירה,עדי ישראל גוריון,,
4,בלי סודות,,,
4,אבי בללי,המהגר,,
4,בלקן ביטבוקס,נו מייד רמיקסס,,
4,בלקן ביטבוקס,נו מד,,
4,בלקן ביטבוקס,שט איט אאוט,,
4,בלקן ביטבוקס,תרגול,,
4,בלקפילד,,,
4,בלקפילד וולקם,טו מי דנא,,
4,במזל דגים,,,
5,זהבה בן,טיפת מזל,,
5,זהבה בן,שרה זהר ארגוב,,
5,זהבה בן,אינטה אומרי,,
5,זהבה בן,סלמאט ל בלבד,שדרים,
5,זהבה בן,איזה מין עולם ל,שדרים,
5,חנן בן,ארי יש כאן יותר מזה,,
5,אביתר בנאי,הראשון,,
5,אביתר בנאי,לילה כיום יאיר,,
5,אביתר בנאי,החיים מתחילים לנגן,,
5,אביתר בנאי,עוגן במים,,
5,אהוד בנאי,והפליטים חדש,,
5,אהוד בנאי,קרוב,,
5,אהוד בנאי,קרוב חדש,,
5,אהוד בנאי,השלישי,,
5,אהוד בנאי,ויעקב בנאי תחת שיח היסמין,,
5,אהוד בנאי,עוד מעט,,
5,יובל בנאי,רשיי דאב,,
5,יוסי בנאי,אנונימוס בלפי הגדול,,
5,יוסי בנאי,תעלולי מקס ומוריץ,,
5,יוסי בנאי,מספר ושר תעלולי המצחיקים של הרשלה מאוסטריפול וחכמי חלם,,
5,יוסי בנאי,קורא מהתנך,,
5,יוסי בנאי,קורא את תור המלחמה של חיים חפר,,
5,יוסי בנאי,מרוב אהבה,,
5,יוסי בנאי,שיכור ולא מיין,,
5,יוסי בנאי,מאזן האהבות,,
5,יוסי בנאי,עם נדע לאהוב,,
5,יוסי בנאי,פרצוץ של צועני,,
5,יוסי בנאי,ספירת מלאי,,
5,יוסי בנאי,אני וסימון ומויז הקטן,חלק א,
5,יוסי בנאי,אני וסימון ומויז הקטן,חלק ב,
5,יוסי בנאי,הגורילה שר ברסנס,,
5,יוסי בנאי,אין אהבות שמחות,,
5,מאיר בנאי,גשם,,
5,מאיר בנאי,כשהיום עולה,,
5,מאיר בנאי,הצבעים משתנים,,
5,מאיר בנאי,הופעה חייה,,
5,מאיר בנאי,ובניהם,,
5,דן בן,אמוץ איך לעשות מה,,
5,דן בן,אמוץ בסירה אחת,,
5,דוד בן,גוריון זכרונות,,
5,דוד בן,גוריון האיש מאחורי האגדה,,
5,דוד בן,גוריון איי קנט הירינג נאו,,
5,מרדכי בן,דוד וכל מאמינים,,
5,רונן בן,טל תיקיות,,
5,רונן בן,טל תיקיות מחודש,,
5,מרדכי בן,דוד נשמה,,
5,דורי בן,זאב לכיוון מערב,,
5,דורי בן,זאב לימונדה,,
5,דורי בן,זאב גנבים,,
5,דורי בן,זאב חניה פרטית,,
5,יותם בן,חורין דיסטנט לאבר,,
5,רונן בן,טל דורך במקום מזנק לרחוק,,
5,דני בן,ישראל שיר ערש לנווד,,
5,דני בן,ישראל הוא אכל אותה,,
5,דני בן,ישראל בולשיט שלוש ורבע,,
5,דני בן,ישראל חנטריש שלוש ורבע,,
5,דני בן,ישראל כוכב הצפון,,
5,דני בן,ישראל דה קטמנדו סשנס,,
5,בן מוש,ולהקתו הינה בא היום עם ישי לוי,,
5,חפלה עם,בן מוש ולהקתו סולן ישי לוי,,
5,יענקלה בן,סירה הבנה נבשל,,
5,מרים בן,עזרה פולקס סונגס אוף ישראל,,
5,טובה בן,צבי משרי הארץ,,
5,טובה בן,צבי חופשות בישראל (צרפתית),,
5,טובה בן,צבי שירי חג ומועד,,
5,יצחק בן,צבי בעין דור,,
5,אילן בן,שחר קיץ של אהבה,,
5,,שירי נחמיה בן תור בביצוע אסתי בן שבת,,
5,אנחנו שרים,לך שירי נחמיה בן תור 2,,
5,בנות חוה,,,
5,בנזין,,,
5,בנזין,משמרת לילה,,
5,בנזין,האוסף,,
5,בנזין,פנס כחול,,
5,בנזין,24 שעות,,
5,בנזין,קחי אותי הביתה,,
5,בנזין,מים שקטים,,
5,בנזין,פגע וברח,,
5,בנזין,פנים מול פנים,,
5,בנזין,על פני השטח,,
5,בנזין,היי היי,,
5,בנזין,זה הכל,,
5,בנזין,גשם,,
5,עמיר בניון,ניצחת איתי הכל,,
5,בני בום,,,
5,דה רביס,סאנס הללו,,
5,דה רביס,סאנס טו לייף,,
5,בני עקיבא,50 שנה לבני עקיבא,,
5,דני בסן,,,
5,דני בסן,הילד שבי,,
5,בציר טוב,,,
5,בצל ירוק,טעם של פעם,,
5,בצלאל ישראל,פולקלור,,
5,בצלאל אנד,דה סברס,,
5,בצלאל אנד,דה סברס ירושלים של זהב,,
5,משה בקר,חפצים אישיים,,
5,ג'ורג' בר,בלהיט הלו הלו,,
5,הראלה בר,קשה בלילה,,
5,הראלה בר,קטיפה,,
5,ג'ורג' בר,בלהיט מאמי,,
5,שמעון בר,משירי עמוס אטינגר,,
5,בראבא בואו,לטייל,,
6,ג'קי בראון,אל תנגנו את השיר הזה,,
6,מודי בראון,הופעות חיות מאולפן ליגת האלופות לזכרו,,
6,רינה בראל,ואת לא כאן,,
6,רמי בר,דוד אי אפשר לדעת,,
6,שמשון ברנוי,ישראל סונגס פיצרינג,,
6,רון בר,נוף עמק הים,,
6,רוני בר,נוף לכו אחרי המנגן בחליל,,
6,רמי בר,ניב רפסודיה בכחול מנגן ג'ז,,
6,בראש המצעד,,,
6,בראבא סיפור,ופזמונים ע''פ תוכנית הטלויזיה,,
6,בראבא פס,הקול המקורי של תוכנית הטלויזיה,,
6,תימנע בראוור,,,
6,הנרי ברטר,מדאם לה רווא,,
6,בראשית,,,
6,דיודי ברוזה,האישה שאיתי,,
6,דיויד ברוזה,קלף,,
6,דיויד ברוזה,ברוזה,,
6,דיויד ברוזה,נשיקה גנובה,,
6,דיויד ברוזה,רחוב מהבית,,
6,דיויד ברוזה,לה קאסה לימון,,
6,ברוק אחד,,,
6,עמוס ברזל,רוק כן רול,,
6,רמי ברזל,משהו בפנים,,
6,שלווה ברטי,נולדה מחדש,,
6,שלווה ברטי,שלווה,,
6,שלווה ברטי,שרה יוסף הדר,,
6,ישראל ברייט,קוף עירוני,,
6,הברירה הטבעית,אלי שורשים,,
6,הברירה הטבעית,מתוך כלים שבורים,,
6,הברירה הטבעית,חוט שזור,,
6,הברירה הטבעית,מחכים לסמסונג,,
6,הברירה הטבעית,מתוך תוכניתם ותקליטם החדשים של הברירה הטבעית,,
6,ההנאות הקטנות,שבחיים ערב ברטולד ברכט,,
6,,שירי ברכט,,
6,גבי ברלין,אין כמו השיר הזה,,
6,גבי ברלין,ממשיך ושר,,
6,אריק ברמן,אהבה ואלוהים אחרים,,
6,אריק ברמן,1 2,,
6,בני ברמן,במבחר שיריו,,
6,בני ברמן,חיי אדם,,
6,בני ברמן,גלגול שני,,
6,אביתר ברנוביץ,מרוב שאהבתי אותך משירי דיויד אבידן,,
6,מייק ברנט,כל הלהיטים הגדולים,,
6,ניני ברנט,אני שבשירים,,
6,ברנשים וחלומות,,,
6,דודו ברק,דרך ארץ השקד שירי ארץ ישראל,,
6,קרן ברק,בבירות 12 אינץ ו7 אינץ,,
6,יהודה ברקן,מספר סיפורים,,
6,דודו ברק,אכלתה אותה,,
6,מוטי ברקן,מספר ושר,,
6,מוטי ברקן,מספר ושר כוכב המשחקים,,
6,מוטי ברקן,הלב מסעו של מרקו מהאפנינים אל האנדים,,
6,מוטי ברקן,גוליבר,,
6,מוטי ברקן,שרגה אור,,
6,יגאל בשן,לצפון באהבה,,
6,יגאל בשן,איתך הלילה,,
6,יגאל בשן,יש לי ציפור קטנה בלב,,
6,יגאל בשן,מכת שמש,,
6,יגאל בשן,לא לבד,,
6,יגאל בשן,צבעים,,
6,יגאל בשן,נטו,,
6,יגאל בשן,קפה אצל ברטה,,
6,יגאל בשן,ולהקת בראש,,
6,יגאל בשן,נולדתי במזל בתולה,,
6,יגאל בשן,מסע אל תוך הזמן,,
6,יגאל בשן,איתה,,
6,יגאל בשן,יו גוט דה פאוור תוצרת גרמניה כולל אינסרט ופוסטר ענק,,
6,יגאל בשן,ניל בשן היי און איזי פילינג,,
6,בן בשן,איי אמם רדי,,
6,בן בשן,יו אר דה אונלי וואן,,
6,בשערייך ירושילם,שירים לירושלים,,
6,בתי כנסת,בירושלים מבוא לסיור של יחזקל פריימן,,
6,בת המלך,אגדת שלושה וארבעה מאת ביאליק,,
6,בתים משוקולד,שירי יוסי בכר לילדים,,
6,בתרי זוזי,,,
6,יהורם גאון,הקלטות מקוריות קופסאת,דיסקים,
6,יהורם גאון,איסרפון,,
6,יהורם גאון,תקליט ראשון איפה הן הבחורות,,
6,יהורים גאון,שר כל העיר מרכלת עלינו,,
6,יהורם גאון,מבחר להיטים,,
6,יהורם גאון,בשירי משה וילנסקי,,
6,יהורם גאון,אלף נשיקות,,
6,יהורם גאון,סימני דרך,,
6,יהורם גאון,ירח מלא,,
6,יהורם גאון,אני ירושלמי,,
6,יהורם גאון,בתוכנית יחיד,,
6,יהורים גאון,איתך בלעדיך,,
6,יהורם גאון,שירי שבת,,
6,יהורם גאון,פיוטים לשבת נוסח יהודי ספרד,,
6,יהורם גאון,שירים לפסח במסורת יהודי ספרד,,
6,יהורם גאון,79,,
6,יהורם גאון,מעשיות אלך לילה ולילה,,
6,יהורם גאון,קורא עזית בין שלגי החרמון,,
6,יהורם גאון,קורא עזית שטה בצוללת,,
6,יהורם גאון,שיר ערש לילדי הקטן,,
7,גאולה גיל,פולק מיוזיק ישראלי,,
7,גאולה גיל,סינגס ישראלי פולקסונג,,
7,גאולה גיל,הולידיי songs of israel,,
7,‏the exciting,world of גאולה גיל,,
7,גאולה גיל,עם דוב זלצר ומיכאל קגן גאולה גיל עם דוב זלצר ומיכאל,,
7,גאולה גיל,נאו,,
7,גאולה גיל,ספונפול אוף שוגר song from for the young לא יודעת משהו כזה,,
7,גאולה גיל,שירי הזהב של גאולה גיל,,
7,,שירי מדוע זברה לובשת פיג'מה בשירי ילדים גאולה גיל,,
7,שלישיית גאולה,גיל,,
7,גאולה גיל,ראשי עליי סובב,,
7,גאולה גיל,עם להקת אורנים צבר,,
7,ג'יין בורדו,אוקיינוסים,,
7,ג'יין בורדו,מה שחשוב,,
7,ג'יין בורדו,בלי שם,,
7,ג'יין בורדו,כישוף,,
7,משה גיאת,בשרונה הגאולה,,
7,משה גיאת,שירי שירי שירי קודש ומסורת,,
7,משה גיאת,בליווי מקהלת מזמורי אביב,,
7,מוש הגיע,תודה לאמא,,
7,משה גיאת,שירת הזמיר,,
7,משה גיאת,השקיני יין בליווי מקהלת מזמורי אביב,,
7,משה גיאת,בטוב וברע,,
7,משה גיאת,פעמון זהב,,
7,משה גיאת,חלומות,,
7,רביב גזית,זה,,
7,גזוז גלגל,שני,,
7,גזוז,,,
7,אלי גורנשטיין,על עץ התות בשירי ילדות,,
7,עדנה גורן,התחדשות,,
7,עדנה גורן,שרה משירי ברט בכרך ואחרים,,
7,עדנה גורן,כי מדברות עינייך,,
7,מני גורמן,החצוצרה של מני גורמן,,
7,ישראל גוריון,עומד לי על קצה הלשון בשירים גסים,,
7,ישראל גוריון,ישראפון,,
7,ישראל גוריון,שר,,
7,ישראל גוריון,אמא אורי רוצה קצת מים,,
7,שרה גורבי,עם תזמורת קול ישראל ומקהלת קול ציון לגולה ביידיש,,
7,שרה גורבי,מלודיז אוף ישראל,,
7,ג'וסי אנד,היז בנד אט דה דן הוטל,,
7,סנדרה ג'ונסון,סשה ארגוב שירים חדשים,,
7,יוסף גולנד,שר בשלוש שפות,,
7,ציון גולן,הטעם התימני במחזורת להיטים בתימנית,,
7,ציון גולן,חביב גלבי להיטי תימן מספר 6,,
7,ציון גולן,נעלה נעלה,,
7,ציון גולן,להיטי תימן מספר 4,,
7,ציון גולן,להיטי תימן מספר 3,,
7,ציון גולן,להיטי תימן מספר 2,,
7,ציון גולן,להיטי תימן מספר 1,,
7,גוליבר בארץ,הגמדים,,
7,חנן גולדבלט,משירי ז'ילבר בקו,,
7,חנן גולדברט,צד אחר,,
7,אליהו גולדנברג,שי חנוכה,,
7,שמואל גוגול,וילדיו הרמוניקה בנד,,
7,גדי גוב,תנו לגדול בשקט,,
7,גידי גוב,אין עוד יום,,
7,גידי גוב,אין עוד יום,מהדורה חדשה,
7,גידי גוב,תקליט דרך ארץ ההופעה צוותא 20.5.88,שדרים,
7,גידי גוב,דרך ארץ,,
7,גידי גוב,40:06:00,,
7,גידי גוב,תקליט ראשון,,
7,גידי גוב,תקליט ראשון,מהדורה חדשה,
7,אבנר גדסי,דף חדש,,
7,אבנר גדסי,,,
7,אבנר גדסי,12 להיטי זהב,,
7,אבנר גדסי,מנגן ושר,,
7,אבנר גדסי,מדליק,,
7,אביב גדג',שרף אורנים,,
7,שלום גד,והיהלומים הכל חדש,,
7,שלום גד,סוף המדבר,,
7,מיקי גבריאלוב,אבנים,,
7,מיקי גבריאלוב,אגדת גבריאלוב,,
7,מיקי גבריאלוב,,,
7,גבירתי הנאווה,עם ריטה,,
7,גבירתי הנאווה,עם רבקה רז,,
7,גבירתי הנאווה,עם רבקה רז עם חתימה,,
7,ראובן גדולוב,טיפול שורש,,
7,גבעתיים רק,בת 65,,
7,גבעת חלפון,אינה עונה הסרט,פסקול,
7,הגבעתון תקליט,,שדרים,
7,הגבעתון בשירי,נעמי שמר אחר הקציר,,
7,הגעתרון שרים,מחוף לחוף,,
7,הגבעתרון רחוק,רחוק,,
7,הגבעתרון שירי,הנוער העובד והלומד ערב יובל ה50 של התנועה,,
7,הגבעתרון גוונים,,,
7,הגבעתרון בעמק,שלו,,
7,עליזה גבאי,ישראל טופ ווקאליסט,,
7,עליזה גבאי,במקצבים חדשים,,
7,עליזה גבאי,מיי וורד אוף סונגס,,
7,אבנר גנאם,בלי גג,,
7,אבנר גנאם,הולך לבד,,
7,ג'אמבו מיוזיקל,,,
7,אברהם גולדפאדען,השירים מהאופרטות של גולדפאדען,,
7,גאלדענע לידער,,,
8,גאולה גיל,דה הול וורלד דנסרס,,
8,גאולה גיל,פיצרים אנד אורנים צבר שלום,,
8,גאולה גיל,אנד אורנים צבר און דה רוד טו אילת,,
8,גאולה גיל,אנד אורנים צבר אראונד דה קמפפייר,,
8,גאולה גיל,אורנים צבר א טאון הול קונצרט,,
8,גאולה גיל,אנד אורנים צבר הורה,,
8,גאולה גיל,אנד אורנים צבר אראונד דה קמפפייר2,,
8,גאולה גיל,אנד תיאודור ביקל פולקס סונג פרום גסט אבאוט אבריוור,,
8,גיל האהבה,יהורם טהר לב,,
8,ג'ינג'יות,,,
8,נירה גל,זה הזמן,,
8,נירה גל,עוד חוזר הניגון,,
8,ריקי גל,,,
8,ריקי גל,מה זאת אהבה,,
8,ריקי גל,תן לי מקום,סינגל,
8,ריקי גל,חסידיקו פיבר,,
8,שימי גל,בואי הביתה,,
8,שימי גל,גן נעול,,
8,הגל הירוק,תן לעולם להסתובב,,
8,עודד גלאי,חשיפה,,
8,אופירה גלוסקה,נמרוד טנא שירים לליהי,,
8,גלגולו של,ניגון,,
8,גליצו יוצא,לנדוד בדרכים,,
8,מוטי גלעדי,שר,,
8,אורי גלר,,,
8,נורית גלרון,סימפטיה,,
8,נורית גלרון,,,
8,נורית גלרון,אני ראיתי יופי,,
8,נורית גלרון,משהו בלבבה,,
8,נורית גלרון,שירים באמצע הלילה,,
8,נורית גלרון,בהופעה חיה,,
8,נורית גלרון,נגיעה אחת רכה,,
8,נורית גלרון,משהו בלבבה בהופעה,,
8,נורית גלרון,אחרינו המבול,,
8,נורית גלרון,אמיל,,
8,יהודה גמליאל,רולטה,,
8,גמר גביע,אין מנצחים במשחק הזה,,
8,להקת גן,עדן,,
8,להקת גן,עדן בואו נרוץ,סינגל,
8,ג'נגו פזבז,,,
8,ג'נגו בתוך,רגע,,
8,ג'נגו מאה,שקל אחרונים,,
8,ג'נגו פירסט,וואן,,
8,ג'נגו אנשים,במים,,
8,ג'נגו קרח,בעיניים,,
8,געדענק זכור,רימבמר,,
8,אביב גפן,תמונה,,
8,אביב גפן,זה רק אור הירח,,
8,אביב גפן,והתעויוט לילות לבנים,,
8,אביב גפן,המכתב,,
8,אביב גפן,והתעויוט עכשיו מעונן,,
8,אביב גפן,והתעויוט 3,,
8,אביב גפן,והתעויוט שום מקום,,
8,אביב גפן,והתעויוט יומן מסע,,
8,אביב גפן,והתעויוט בלק אנד וויט,,
8,אביב גפן,והתעויוט בוכה על הקבר,סינגל,
8,ג'רי גרבל,רגאי אוף ג'רוזלם,,
8,ג'רי רגבל,בדרך לירושלים,,
8,שלמה גרוניך,למה לא סיפרת לי,,
8,שלמה גרוניך,למה לא סיפרת לי,מהדורה חדשה,
8,שלמה גרוניך,נדודי שינה,,
8,גרופי שירים,מהסרט,,
8,טובה גרטנר,כת תום,,
8,טובה גרטנר,כת תום,מהדורה חדשה,
8,טובה גרטנר,אם מלאכים,,
8,הבחירה של,בוקי גרינברג,,
8,ניסים גרמה,המזרח הקרוב לליבי,,
8,ניסים גרמה,טוב לי,,
8,ניסים גרמה,היית שלי,,
8,ניסים גרמה,להיות כוכב,,
8,ניסים גרמה,מי אנחנו מה אנחנו,,
8,דני גרנות,,,
8,דני גרנות,עמנואל קרנון אלי נחום שקיעות נשים וכל השאר,,
8,דני גרנות,קרן אור,,
8,דני גרנות,בראש צלול,,
8,דני גרנות,רדיו אקטיבי,,
8,רפי גרנות,ילדה מה שמך דני גרנות שר,,
8,גרציה,,,
8,גרציה מהורה,חדשה,,
8,החזן חיים,גרינצ'פן בחוכמה פותח,,
8,ניקוס גרקוס,אופס איסה אילה,,
8,לריסה גרשטיין,שירים ורומנסות,,
8,לריסה גרשטיין,משירי בולט אוקוצ'בה,,
8,שלישיית גשר,הירקון אהבה ראשונה,,
8,שלישיית גשר,הירקון התכנית החדשה,,
8,שלישיית גשר,הירקון באנגלית,,
8,הגשש החיוור,במועדון הסנטר הכפול,,
8,הגשש החיוור,במועדון הסנטר הכפול 2,,
8,הגשש החיוור,במועדון הסנטר הכפול 3,,
8,הגשש החיוור,מיטב מערכונים,,
8,הגשש החיוור,תכנית ג סין עם הגשש,,
8,הגשש החיוור,סין עם הגשש פזמונים ומערכונים,,
8,הגשש החיוור,מים לדוד המלך,,
8,הגשש החיוור,קנטטה לשווארמה,,
9,הגשש החיוור,קנטטה לשווארמה תקליט שלישי מההצגה,,
9,הגשש החיוור,קנטטה לשווארמה תקליט א,,
9,הגשש החיוור,בשירי נעמי שמר,,
9,הגשש החיוור,בשירי נעמי שמר המקורי,,
9,הגשש החיוור,בשירותרום 1984 הלאה,,
9,הגשש החיוור,לחוזרים הידד יהונתן גפן,סינגל,
9,הגשש החיוור,בעבור חוקן דולרים א,,
9,הגשש החיוור,בעבור חוקן דולרים ב,,
9,הגשש החיוור,בעבור חוקן דולרים ג,,
9,הגשש החיוור,קסיוס קליי נגד חלפון א,,
9,הגשש החיוור,בתכנית כוסות רוח (כחול) תקליט ראשון,,
9,הגשש החיוור,בתכנית כוסות רוח (אדום) תקליט שני,,
9,הגשש החיוור,אוף סייד סטורי,חלק א,
9,הגשש החיוור,אוף סייד סטורי,חלק ב,
9,הגשש החיוור,עובדים עלינו עבודה עברית,חלק א,
9,הגשש החיוור,עובדים עלינו עבודה עברית,חלק ב,
9,הגשש החיוור,קרקר נגד קרקר,חלק א,
9,הגשש החיוור,קרקר נגד קרקר,חלק ב,
9,הגשש החיוור,אף אחד לא קם,,
9,הגשש החיוור,קופסא 5 תקליטים מכל טוב,,
9,דוד דאור,,,
9,דאס געזאנג,פון מיין הארץ,,
9,לואיס דנטו,סלוט ישראל,,
9,דבקה ישראלי,פולקס דנסרס,,
9,דבר מצחיק,קרה לי בדרך לסואץ,,
9,נתניה דברת,סינג יידיש סונגס פולקס,,
9,נתניה דברת,ביהולד דו ארט פייר,,
9,נתניה דברת,סינגס פולק סונגס אוף רשייה,,
9,הדבורה מאיה,,,
9,הדבורה מאיה,הביצוע המקורי תקליט,מס 2,
9,הדג נחש,המכונה של הגרוב,,
9,הדג נחש,קמתי לזוז,,
9,מוטקה דגן,פולקור דה ישראל,,
9,מוטקה דגן,שלום,,
9,צילה דגן,הראשון,,
9,צילה דגן,ולא היה בנינו אלא זוהר,,
9,עידו דגני,כמו אגדה,,
9,לאה דגנית,סונגס אוף ישראל,,
9,לאה דגנית,בשיר ובזמר,,
9,יגאל דה,בוטון נקודת רוק,,
9,יגאל דה,בוטון תקליט,שדרים,
9,יגאל דה,בוטון חשיפה,מס 2,
9,גל דה,פז וורי טאט,,
9,מגן דהרי,אני הולך אלייך,,
9,דה דו,דו דו,,
9,דואל מקום,מסוים,,
9,הדודאים הראשון,,,
9,הדודאים סדרה,2,,
9,הדודאים לס,דודאים שנס דה ישראל,,
9,הדודאים שיירת,הרוכבים גדול,,
9,הדודאים עכשיו,,,
9,הדודאים זה,לא אותו הבית,,
9,הדודאים הם,רוכבים ושרים בעיבוד מתי כספי,,
9,הדודאים מנגינה,נשכחת,,
9,הדודאים עשור,לדודאים,,
9,הדודאים אימפקו,איבנז חמש אחר הצהריים,,
9,הדודאים סיור,עם הדודאים,,
9,הדודאים צריך,לשמור על כושר,,
9,הדודאים עשן,,,
9,הדודאים שלושים,שנים לדודאים,,
9,הדודאים פרברים,,,
9,הדודאים דבר,אליי בפרחים,,
9,הדודאים קנטוס,דה ישראל לוס דודאים,,
9,הדודאים דה,דודאים סוגס אוף ישראל,,
9,הדודאים דה,דודאים בן אנד אדם,,
9,הדודאים ישראל,,,
9,הדודאים ישראל,וויג אוטור דה מונדו,,
9,הדודאים ישראל,צרפתית צילום מדבר,,
9,הדודאים ישראל,ישראל,,
9,הדודאים קנסיונס,דה ישראל ספרדית,,
9,הדודאים פיימוס,ישראליין פולקסונגס,,
9,הדודאים סוסי,הפרא,סינגל,
9,דודה,,,
9,דודה שקט,שקט (),סינגל,
9,דודה אלף,כבאים (),סינגל,
9,דודו השמן,מחזמר מהווי הנוער,,
9,מרטין דוידזון,שירים שלימדתי את אימי,,
9,מרטין דוידזון,סול רייטס,,
9,ארכדי דוכין,רוצה יהיה שירי ויסוצקי,,
9,ארכדי דוכין,שקי אגרוף,,
9,משה נוי,ולהקת הדולפינים,,
9,מאיה דוניץ,פרידה דולפין,,
9,הרפתקאות קוטור,דוליטל,,
9,דוקטור דוליטל,באפריקה,,
9,דוקטור דוליטל,שירים מהסרט,,
9,דורית ולהקת,אז אולי,,
9,דורלה סדלקס,דום,,
9,דורלה סדלקס,בלי עין רעה,,
9,דורלה סדלקס,חורבן בית שלישי,,
9,דורלה סדלקס,שיר הגיבן,,
9,דיויד ברוזה,ויונתן גפן,,
9,דודו דור,ראש בראש,,
9,דודו דותן,בהופעה פומבית,,
9,דודו דותן,בצוותא,,
9,דודו דותן,שר ומספר לילדים,,
9,דודו דותן,בהופעה פומבית מחכים לדודו,,
9,דודו דותן,לשיר זה כמו להיות זמר,,
9,דודו דותן,בהופעה פומבית תכנית חדשה,,
9,דודו דותן,בעוד אגדות מבולבלות,,
9,דודו דותן,מסיבת יום הולדת,,
9,דודו דותן,אגדות מבולבלות שמספר דודו דותן,,
9,עירית דותן,כרטיס ביקור,,
9,עירית דותן,השעות היפות ביותר,,
9,עירית דותן,ויעקב הולנדר,,
9,עירית דותן,הולכים לנדנדות,,
10,שלמה דחיאני,מבחן שירים תימנים,,
10,הדחליל סבא,אליעזר והגזר,,
10,הדיבוק מחזה,הבימה,,
10,דיוואן,ספרדי,,
10,דיוואן,יהודי תימן,,
10,דיוואן,יהודי ספרד,,
10,דיזינגוף דיסקו,99,,
10,דיזינגוף תקליט,משולש,99 מהדורה חדשה,
10,דיזינגוף 99,המקורי,,
10,משה דיין,היום השביעי,,
10,תיקי דיין,פגישה מחודשת עם שירי גילברט אוסליבן,,
10,מוטי דיכנה,עד ראיה,,
10,מוטי דיכנה,עד שניפרד,,
10,דין,,,
10,דה דיינמייטס,,,
10,וולט דיסני,התרנגול והנמלה,,
10,וולט דיסני,פיטר פן,,
10,וולט דיסני,פינוקיו,,
10,וולט דיסני,חתולים בצמרת,,
10,וולט דיסני,סינדרלה ושלגיה,,
10,וולט דיסני,הקוסם מארץ עוץ,,
10,וולט דיסני,ברנרד וביאנקה,,
10,וולט דיסני,דמבו,,
10,וולט דיסני,קומפוזיטורים מפורסמים,,
10,וולט דיסני,אופרות מפורסמות,,
10,וולט דיסני,החור השחור,,
10,וולט דיסני,המיטה המעופפת ופו הדוב מחפש את הציר הצפוני,,
10,וולט דיסני,דיסקו תוצרת הארץ,,
10,וולט דיסני,דיסקו תוצרת הארץ עטיפה עם גמל,,
10,דיר יאסין,דיסקוגרפי,,
10,יאיר דלאל,עלעול,,
10,יאיר דלאל,אנד דה לובו בלוז בנד,,
10,דליה ואלי,והתוכי המתנדנד,,
10,דליק מתכנית,הטלוויזיה זהו זה,,
10,סעדיה דמארי,מספר ושר,,
10,שושנה דמארי,שנס דה ישראל,,
10,שושנה דמארי,הורה ממטרה,,
10,שושנה דמארי,שולמית,,
10,שושנה דמארי,מגדלור,,
10,שושנה דמארי,בהופעה חיה 1980,,
10,שושנה דמארי,ישראל פולקסונגס,,
10,שושנה דמארי,שירי עם לוחם,,
10,שושנה דמארי,שושנה,,
10,שושנה דמארי,שנס דה ישראל2,,
10,שושנה דמארי,שנס דה ישראל משה וילנסקי,,
10,שושנה דמארי,כלניות באנגלית,,
10,שושנה דמארי,רקורדינגס פור דה קונסיור,,
10,שושנה דמארי,שנס אוף ישראל,,
10,שושנה דמארי,עם אליקום צוזנר,,
10,שושנה דמארי,שושנה,,
10,שושנה דמארי,חיפה אין היי פיי,,
10,שושנה דמארי,אור,,
10,שושנה דמארי,עוד הולכת אלייך (),סינגל,
10,שושנה דמארי,שובי בת ירושלים (),סינגל,
10,שושנה דמארי,רומנטיקס סונגס ',10 אינץ,
10,שושנה דמארי,ישראלי פייבוריטס ',10 אינץ,
10,שושנה דמארי,קול ישראל ',10 אינץ,
10,שושנה דמארי,פניני המזרח ',10 אינץ,
10,שושנה דמארי,שירי מולדת ',10 אינץ,
10,שושנה דמארי,בליווי תזמורת ומקהלת ירושלים ',10 אינץ,
10,שושנה דמארי,בליווי תזמורת הד ארצי ומקהלה,10 אינץ,
10,שושנה דמארי,שירים מובחרים ציור חמור ',10 אינץ,
10,שושנה דמארי,שירים אהובים עליך ',10 אינץ,
10,שושנה דמארי,שרה שירים בלדות ופזמונים מאת משה וילנסקי ',10 אינץ,
10,שושנה דמארי,ביתי שלי ',10 אינץ,
10,אבי דן,נתיב חיי,,
10,אבנר דן,צחוק מקיר לקיר,,
10,אבנר דן,פרסי אחד,,
10,אבנר דן,בהופעה פומבית,,
10,אבנר דן,צלילי המברשת,,
10,יואל דן,אנד היז טריו,,
10,יעקב דן,פור יו,,
10,יעקב דן,,,
10,משה דנבורג,וקרב בזורינו א,,
10,רמי דנוך,כפיים,,
10,רמי דנוך,אהבת הנווד,,
10,אלונה דניאל,מסיבה במרתף הארמון,,
10,אורנה ומשה,דץ בדרכי האהבה,,
10,אורנה ומשה,דץ באותה המיטה,,
10,דפנה דקל,,,
10,דקלון מורי,,,
10,דקלון חפלה,,,
10,דקלון זמר,במשעולי הארץ א,,
10,דקלון זמר,במשעולי הארץ ב,,
10,דקלון יוצא,לדרך,,
10,דרכי כוכבים,התקליט הראשון,,
10,דש עם,שיר,,
10,דש עם,שיר עברי 1,,
10,דש עם,שיר עברי 2,,
10,דש עם,שיר עברי 3,,
10,אגדת דשא,,,
11,דוד ויהודית,הס ישמחו השמיים,,
11,הבאנו שלום,עליכם תקליט חגיגי של שירי שלום,,
11,הבאנו שלום,עליכם מזכרות משיראל,,
11,הבה נגילה,פולקלור ישראלי,,
11,הבה נגילה,צמד האמירים,,
11,הבה נצא,במחול ובזמר,,
11,הבה נרקודה,עם אפי נצר וחבורתו,מס 1,
11,הבה נרקודה,עם אפי נצר וחבורתו,מס 2,
11,הבה נרקודה,עם אפי נצר וחבורתו מס 3,,
11,הבה ונרקודה,מס 4,,
11,הבה נשיר,עם פלטורס,,
11,אגדה של,פסח עם סמי אלמגריבי,,
11,אגדה של,פסח בבית תימני ב1953,,
11,אביבה הד,בשירים למי שאינו מאמין וצרות קטנות,,
11,אביבה הד,האישה האחרת,,
11,אביבה הד,אני אוהבת רק לרקוד,,
11,אביבה הד,אמא לא זורקת כלום,,
11,איתן הדר,איש הלבנה,,
11,איתן הדר,פרוגקט מיוזיק טו לאב,,
11,הוא הלך,בשדרות הסרט,פס קול,
11,שמעון הולי,הירוק בוב מרלי,,
11,שמעון הולי,ינשוף הכחול,,
11,הופה היי,לילוש,,
11,הופה היי,מתוך סדרת הטלויזיה לילדים תזמורת של ממש,,
11,הופה היי,כמו צועני,,
11,הופה היי,אנחנו נשארים בארץ,,
11,הוי ארצי,מולדתי מתוך דורמי ומי עוד,,
11,הווי ובידור,יונתן גפן שלמה גרוניק,,
11,הורה HORA,,,
11,סטפן הורנשטיין,ירושלים 1985,,
11,האח! ראשון,לציון מופע 100,,
11,הידד לצעירים,,,
11,היו היו,זמנים תקליט 1,,
11,היו היו,זמנים תקליט 2,,
11,היו היו,אי פעם תזמורת ההקלטות של רשות השידור,,
11,היידי בת,ההרים,,
11,משירי נחום,היימן,,
11,קרלוס מרנדה,מנגן נחום היימן,,
11,לשנה טובה,להקת חופים משירי נחום היימן,,
11,הדברים שאוהבים,משירי נחום היימן,,
11,העונה החמישית,נעימות הזהב של נחום היימן,,
11,נחום היימן,נחצ'ה 1988,,
11,,שירי נחום היימן לשדרנים בלבד למילים של נתן אלטרמן ונתן יונתן,,
11,נחום היימן,1977,,
11,נחום היימן,ריקודי עם ישראלי צרפתי,,
11,נחום היימן,ריקודי עם ישראלי בעברית,,
11,נחום היימן,צרפתית,,
11,סי היימן,ולהקה מקומית עובדים בכביש,,
11,סי היימן,להקה מקומית תקליט שני,,
11,סי היימן,להקה מקומית פסטיגל 1988 את לא לבד,,
11,היכל החלומות,,,
11,נורית הירש,זמר שכזה,,
11,הישאם קצב,משגע,,
11,הלו דולי,,,
11,הלו ישראל,,,
11,הלוך הלכה,החבריה,,
11,הלוך הלכה,החבריה ירוק,,
11,הלוך הלכה,החבריה 1976,,
11,הכל עובר,חביבי נחייה ונראה,,
11,הכל עובר,חביבי שירים,,
11,הכל עובר,חביבי הכל לא עובר חביבי,,
11,הכל עובר חביבי להיטי שנות ה,50,,
11,הכל עובר,חביבי דור האספרסו,,
11,הכל עובר,חביבי עודני ילד,,
11,הכל עובר,חביבי שירים שמחוץלהצגה,,
11,משה הילל,סניוריטה,,
11,משה הילל,שלושה יונים,,
11,שלום הלל,להיטי המזרח,,
11,דודי שמחה,משירי וסיפורי ע הלל,,
11,,שירי ע הלל,,
11,הלל ואביבה,הקלטה פומבית בטיים הול ניו יורק,,
11,הלל ואביבה,נייט און דה דזרט,,
11,הלל ואביבה,שירים ישראלים,,
11,הללויה,,,
11,נחמה הנדל,שרה שירים של אז ושל עכשיו,,
11,נחמה הנדל,שירי ביאליק,,
11,נחמה הנדל,שירת הנודד,,
11,נחמה הנדל,בחן הירושלמי כחול,,
11,נחמה הנדל,בחן הירושלמי כחול וחום,,
11,הינה מה,טוב,,
11,שולי הרולד,,,
11,איציק הרוש,תקליט מס 2,שדרים,
11,הרפתקה בקרקס,,,
11,הרפתקות דני,דין הרואה ואינו נראה,,
11,הפתקאות אצבעוני,,,
11,חיים הרצוג,מתוך שיחותיו בקול ישראל בימי הכוננות ובמלחמת שש הימים,,
11,חיים הרצוג,באום החלטה בנוגע לגזענות 1975,,
11,יעקוב הרצוג,the herzog toynbee debate,,
11,כוכבה הררי,שוב הגעתי,,
11,כוכבה הררי,במבחר שירים,,
11,הרשלה סרט,,,
11,התעמלות מיוחדת,לבריאות ויופי,,
11,התרגעות נעימות,ישראליות,,
11,התשה תאטרוק,,,
12,וייב איש,איזה מזל,,
12,חיים ויצמן,אבא אבן מגיש מסכת קולית לזכר נשיאה הראשון של מדינת ישראל,,
12,ג'קי וולש,מייבי טודיי,,
12,ג'קי וולש,בבוא היום,,
12,ג'קי וולש,ופמלה ספרינגפילד קרוס רואודס בהופעה באוניה,,
12,וזאת לאות,ולסימן מועדון חמשת האותות,,
12,בן ציון,ויטלר לאמיר אלה פרייליק זיין,,
12,משה וילנסקי,השירים הנפלאים של משה וילנסקי,,
12,משה וילנסקי,זר כלניות למשה וילנסקי,,
12,לב טהור,מאת המלחין החסידי רבי משה ויצמן,,
12,ונזכור את,כלום,,
12,שמחה וסלי,גם וגם,,
12,ועדת חריגים,לטבוע כמו אבן,,
12,ועדת חריגים,דה וורלד איז וול לוסט,,
12,ושמחת בחגך,שירים חג ומועד,,
12,וסרמן יהודה,למען אחי,,
12,זאונד אהבה,נכזבת,,
12,זאן קונפליקט,,,
12,זאן קונפליקט,,מהדורה חדשה,
12,זאן קונפליקט,אהבה בבומביי,,
12,ז'בוטינסקי משירי,זאב ז'בוטינסקי,,
12,עיר שלום,משירי זאב ז'בוטינסקי,,
12,זבולון דאב,סיסטם,,
12,זבולון דאב,סיסטם anbessa sub,,
12,אוריגינל רוטס,פוליטישן,,
12,זה הכל,בנתיים,,
12,בנתיים זה,הכל,,
12,זה הכל,בנתיים האיש שבקיר,סינגל,
12,משירי דוד,זהבי שלא יגמר לעולם,,
12,יש מקום,בעדן שירי דוד זהבי לילדים,,
12,יש מקום,בעדן שירי דוד זהבי לילדים עטיפת,שדרים,
12,זהבית חלומות,,,
12,זהבית בשירי,ארץ ישראל,,
12,זהו זה,שירים מתוך תוכנית הטלויזיה אמא שלי תמיד רצתה שהבן שלה יהיה בטלויזיה,,
12,זהו זה,שירים מהתוכנית כאן 11,,
12,עלמה זהר,פלא,,
12,רבקה זהר,רבי עקיבא,,
12,רבקה זהר,שסבתא רבקה,,
12,רבקה זהר,הבריאה,,
12,זהו בידור,,,
12,ישראל זהר,כזהר הרקיעה,,
12,זוויות ג'ז,ירושלמי,,
12,אורה זיתנר,סשה ארגוב מנגן משיריו,,
12,אורה זיתנר,סשה ארגוב תקליט שני,,
12,אורה זיתנר,שיר חליל וגדי נחמד,,
12,אריאל זלבר,האלבום הראשון,,
12,אריאל זלבר,להקת ברוש,,
12,אריאל זלבר,בה דה די דיאה,,
12,אריאל זלבר,מלירד סינים,סינגל,
12,אריאל זלבר,בחברה להגנת הטבע,סינגל,
12,אריאל זלבר,הינה אנו המיואשים,סינגל,
12,מנחם זילברמן,עומד מול הארון,,
12,אורלי זילברשץ,הקברט של מירנדה,,
12,זינגלה פיס,,,
12,זינגלה פיס,מהדורה שניה,,
12,זינגלה השנים,האבודות,,
12,דודו זכאי,מישהו בה ואמר,,
12,דודו זכאי,בשדה התלתן,,
12,דודו זכאי,רוצה עוד משהו לומר,,
12,דודו זכאי,וילד דליה איך עושים קיבוץ,,
12,הזמיר מחזמר,לילדים ונוער,,
12,עודד זמיר,בא לי לראות אותך,,
12,עודד וזהר,זמיר אהבה שכזאת,,
12,הזמנים האלה,שייקה אופיר ויפה ירקוני,,
12,זמרי החוף,כל העיר מרכלת עלינו,,
12,זמרי מטה,אשר במנחת שירים,,
12,זמרי מטה,אשר בעגן הים התיכון,,
12,זמרי קאמרן,שירי עדות ישראל,,
12,זעם ותהילה,סרטו של אבי נשר,,
12,אבנר זקן,בשיר ברדה,,
12,זקני צפת,השכן,,
12,זקני צפת,לא היו דברים מעולם,,
12,זקני צפת,החיים היפים,,
12,ריקה זראי,שרה שירים של יוחנן זראי,,
12,ריקה זראי,שירים ישראלים,,
12,ריקה זראי,בשירי נחום היימן,,
12,ריקה זראי,באלומפייה,,
12,ריקה זראי,אדום כחול ירוק,,
12,ריקה זראי,בלאדס אוף ישראל,,
12,ריקה זראי,צרפתית רקע דבר אל בני ישראל וישעו,,
12,ריקה זראי,צרפתית בלונים,,
12,ריקה זראי,צרפתית פרוטרט,,
12,ריקה זראי,צרפתית פורטרט צבעוני,,
12,חיים זריהן,ילדתי שלי,,
12,חיים זריהן,חמסה,,
12,זריחה בישראל,חבורת זמר רן עם צבי בן פורת,,
12,זרבובים שירים,מהטלויזיה ומההצגה,,
12,זרעים של,מסטיק מחזמר לילדים,,
13,חבורת הזמר,שיר לי קשת בענן,,
13,חבורת הזמר,שיר לי,,
13,חבורת הזמר,שמן,,
13,חבורת רננים,שלוש רגלים,,
13,חבורת רננים,שם במקום ארזים,,
13,חבורת רננים,שבת שלום,,
13,חבורת רננים,צור משלו אכלנו,,
13,חביב אבי,,,
13,חביב שלמה,,,
13,חביב שלמה,רק בשירים,,
13,חביביו של,פידלר לילדים,,
13,,שירי חבצלת זאב,,
13,חבקין דרורה,שירי רחוב,,
13,חבקין דרורוה,שירי רחוב 2,,
13,חבקין דרורה,נגמרה פתאום עוד מלחמה,,
13,חברייה ברווזיה,,,
13,חברים של נטשה,,,
13,החברים של נטשה,שינויים בהרגלי הצריכה,,
13,החברים של נטשה,הצילו,סינגל,
13,החברים של נטשה,רדיו בלה בלה,,
13,החברים של נטשה,אל תתפשטי לי,,
13,חג לי,תקליט ראשון,,
13,חג לי,תקליט שני,,
13,חגיגה של,דובי,,
13,חגיגה של,בובות,,
13,דני חדד,לאהוב,,
13,חדוווה ודויד,ירושלים של זהב,,
13,חדווה ודויד,צמד זמרי עם,,
13,חדווה ודויד,מדור לדור,,
13,חדווה ודויד,לארי אדלר\ספרדית,,
13,חדווה ודויד,עיבודים אלכס וייס,,
13,חדווה ודויד,סינג יזראל,,
13,חדווה ודויד,,,
13,חדווה ושלומיק,1971,,
13,חדי הקרן,העתיד נראה לי טוב,,
13,חולדה,מופע יובל החמישים,,
13,חולון,יובלה החמישים,,
13,חולות נודדים,עשור להתיישבות בפתחת רםיח,,
13,חומה ומגדל,העיניים של המדינה,סינגל,
13,חומסקה רגינה,בליווי תזמורת מקהלת ציון,,
13,חומר אפל,,,
13,חברים כותבים,לחופני,,
13,חושם,שום דבר,,
13,חזה עופרה,שיר השירים ושעשועים,,
13,עופרה חזה,פיתויים,,
13,עופרה חזה,בית חם,,
13,עופרה חזה,לילדים,,
13,עופרה חזה,על אהבות שלנו,,
13,עופרה חזה,אלבום הזהב,,
13,עופרה חזה,שירי מולדת,,
13,עופרה חזה,שירי מולדת ב,,
13,עופרה,שירי מולדת ג,,
13,עופרה,אם ננעלו פיקצר דיסק,,
13,עופרה,יאביי,,
13,עופרה,יאמניי סונג מהדורה יפנית  עם המילים ביפנית,,
13,עופרה,יאנמניי לאב,,
13,עופרה,מיוזיק און ויניל vinil,,
13,חזיז haziz,סופר טייגר,,
13,החזית הירושלמית,הרובע החמישי,,
13,חזרה כללית,מחזמר,,
13,ניצה חי,לך הארץ,,
13,ניצה חי,אני אצעד איתך,,
13,עוזי חיטמן,נולדתי לשלום,,
13,עוזי חיטמן,ליצן חצר,,
13,עוזי חיטמן,ולהקת הפופולים,,
13,החייט ואשת,הסנדלר,,
13,חיידק במה,אין עם מי לדבר,,
13,חתם וכלה,,,
13,חכמי חלם,,,
13,חכמים בלילה,שירים,,
13,חכמים בלילה,מערכונים,,
13,חלב אב,,,
13,חלב ודבש,מילק אנד האני,,
13,חלב ודבש,2,,
13,חלב ודבש,זהו זה,,
13,החלונות הגבוהים,הדפסה ראשונה כולל פוסטר,,
13,החלונות הגבוהים,מהדורת 2014,,
13,החלונות,מהדורה ראשונה בלי פוסטר,,
13,החלונות הגבוהים,מהדורה ראשונה עם פוסטר,,
13,החלונות הגבוהים,לונג דיסק תוצרת אנגליה,,
13,החלונות,כפול 2018,,
13,בן עמי חלף,ימי זוהר,,
13,בן עמי חלף,תקווה וחלום,,
13,חמי שיר,תקווה,,
13,חמישיית גלבוע,שוב יוצא הזמר,,
13,חמישיית גלבוע,ריקודי עם ישראליים,,
13,,חמישים שירים ועוד שיר-אברהם פררה,,
13,נתי חממי,אהבת נעורים,,
13,נתי חממי,נוסע בשדותייך,,
13,חמסין,,,
13,חמסין שורפת,את הלב,סינגל,
13,החמציצים,,,
13,חמש חמש,הצגה עם תוכנייה,,
13,חמש חמש,שירי הסרט,,
13,זמירה חן,לא הפכתי ליבי,,
13,זמירה חן,חבורת רננים יונתי תמתי,,
13,רובי חן,עודני שר,,
13,רובין חן,שמחת חיים,,
13,רובין חן,בקצב המנגינה,,
13,רובי חן,הבוזוקי בידיים,,
14,שולה חן,שלכם,,
14,שולה חן,מהדורת 2021,,
14,שולה חן,בשירי ילדים,,
14,שלום חנוך,אדם בתוך עצמו,,
14,שלום חנוך,בהופעה חיה,,
14,צוותא 77,,,
14,שלום חנוך,shalom,,
14,שלום חנוך,shalom,עטיפה נפתחת,
14,שלום חנוך,חתונה לבנה,,
14,שלום חנוך,רומן אמיתי,,
14,שלום חנוך,רק בן אדם,סינגל,
14,שלום חנוך,רומן אמיתי,סינגל,
14,שלום חנוך,מחכים למשיח,,
14,שלום חנוך,על פני האדמה,,
14,שלום חנוך,שחרר אותי,סינגל,
14,שלום חנוך,רק בן אדם,,
14,שלום חנוך,חתונה לבנה+תוכניית ההופעה,,
14,שלום חנוך,ערב ערב,,
14,חנוכה שמחה,לילדים,,
14,חנוכייה לי,יש,,
14,בחנוכה שירים,נשיר,,
14,חנות הקסמים,,,
14,חנות קטנה,ומטריפה,,
14,חסיד וחסד,,,
14,חאפלה של,כוכבים,,
14,חפלה של,להיטים,,
14,חפלה של,להיטים 2,,
14,חצאי קולות,שירי משוררים,,
14,קיבוץ חצור,פזמונים לאורך הדרך,,
14,חרדה,פנק,,
14,חריפאי זהרירה,לשיר תיאטרון,,
14,החצר האחורית,אורי חתוכה-טוב לי בעולם,,
14,חתול תעלול,ישראל גוריון ומירי אלוני,,
14,חתונה בגן,החיות,,
14,חתונת הדמים,עם תוכנייה,,
14,צדוק חתוכה,וצדוק לכול,,
14,צדוק חתוקה,הגשש השחור לעת זקנה,,
14,טאטו,,,
14,tatran shvat,,,
14,TATRAN FORESSEE,,,
14,TATRAN EVERMORE,,,
14,טברנק,רון בידור ילד הפלא,,
14,טברנק חוק,השלוש,,
14,טברנק,מוריס אקדמי,,
14,טוב לאהוב,תוכניתו של דן אלמגור,,
14,הטוב הרע,והנערה,,
14,שושנה טובי,בשירי חתונה תימניים,,
14,אבי טולדנו,דויד קריבושה ותזמורתו,,
14,אבי טולדנו,סונג בי  יזרעאל,,
14,אבי טולדנו,גן ערפילי,,
14,אבי טולדנו,סתם בן אדם,,
14,אבי טולדנו,מיטב שירי אבי טולדנו,,
14,אבי טולדנו,להבוהמה,,
14,אבי טולדנו,שיר סובב עולם,,
14,אבי טולדנו,בשירי עמים,,
14,אבי טולדנו,תרקדי את הלילה,,
14,אבי טולדנו,השירים היפים,,
14,אבי טולדנו,תעודת זהות,,
14,אבי טולדנו,צלע,,
14,ליהי טולדנו,מי אני חושבת שאני,,
14,טונה,גם זה יעבור,,
14,טונה,מזרח פרוע,,
14,טונה פארק,,,
14,טופול בשירי,מלחמה,,
14,טופול 68,,,
14,TOPOLS ISRAEL,,,
14,TOPOL THE,JON MEKARTY,,
14,טופול עלילות,בימבו באוטובוס,,
14,טופול,גוליבר,,
14,טופז דודו,לקט מערכונים,,
14,דודו טופז,צורה לנו,,
14,דודו טופז,פליטת פה בלי חשבון,,
14,דודו טופז,ערב ספונטני מתוכנן,,
14,טופלה טוטוריטו,שמואליק סגל,,
14,טיול במגדיר,הצמחים לקט שירי חג וטבע,,
14,הטיול הקטן,שירי הילדים של נעמי שמר ואוריאל אופק,,
14,טיול לדיסנילנד,,,
14,נינט טייב,קמתי לרקוד,,
14,NINET PAPER,PARACHUTE תקליט נדיר,,
14,טיף וטף,מספרים מסיפורי פילון מספר 1,,
14,טיפקס,החיים שלך בלאפה,,
14,טיפקס,עבודת כפיים,,
14,דויד טל,אקוס,,
14,מיכל טל,שמש לים שוקעת,,
14,מיכל טל,שיר פרידה מסיני,סינגל,
14,מיכל טל,ענן למכירה,,
14,סיוון טלמור,פייר לייב,,
14,טלא פלא,,,
14,טלפלא 2,,,
14,cbsטלפלא,,,
15,זאב טנא,חתול שחור,,
15,זאב טנא,טנא והזאב,,
15,זאב טנא,צעיר אני כבר לא אמות,,
15,זאב טנא,מקולקל,,
15,זאב זאב,זאב טנא 86|300,,
15,טנא יהושוע,שירים לירושלים,,
15,טנגו סידור,קבוע,,
15,טנגו אמונה,שלמה,,
15,טננבוים ידין,החליל שלא נדם,,
15,דודו טסה,והכוויתים,,
15,דודו טסה,והכוויתים עלא שויתי,,
15,דודו טסה,אגרת אל הילדים,,
15,דודו טסה,גוני גרינבוד,,
15,טסי פאר,רדיו שטח,,
15,פאר טסי,רדיו שטח 2,,
15,טריפונס,דירלהדדה,,
15,טריפונס,היידברה,,
15,טריפונס,טפדייה,,
15,טריפונס,טוטאפה,,
15,טריפונס,בארביאניס,,
15,טריפונס ואלון,אולארציק כולם כולם,,
15,טריפונס יחביבי,יאללי,,
15,טרמפ למוות,,,
15,יאיר,,,
15,יאלו גילי,,,
15,ייבי איש,פשוט,,
15,ייבי מלב,אל לב,,
15,שלישית היהלום,השחור,,
15,יגור ביתי,בחיק כרמל,,
15,גדי יגיל,חיקיתי לך ארצי,,
15,גדי יגיל,חיי כלב,,
15,תוכנית מספר,3 גדי יגיל,,
15,ידיד נפש,מצעד זמירות חסידי,,
15,רוני ידידיה,למה לנו כול העניין הזה,,
15,רוני ידידיה,תמונות תל אביביות,,
15,יהודה,,,
15,יהודה המכבי,קטעים נבחרים מתוך האורטוריה של הנדל,,
15,היהודים,מציאות נפרדת,,
15,היהודים,סמי חופשי,,
15,היהודונים,,,
15,חנן יובל,אני רואה אותנו כבר זקנים,,
15,חנן יובל,אתם זוכרים את השירים,,
15,חנן יובל,דור,,
15,חנן יובל,אמצע החיים,,
15,חנן יובל,כשהיונים חוזרות,,
15,חנן יובל,הכול דיבורים,,
15,יום הולדת,חג לי היום,,
15,יומנה של,ישראלה,,
15,יונת שלום,יונת האהבה,,
15,יוסי חזקי,יונה,,
15,נתן יונתן,שירים לאורך החוף,,
15,יאיר יונה,חרב,,
15,יוסף וכותנות,הפסים המשגעת,,
15,יוסף וכתונת,הפסים המשגעת עם דני בסן,,
15,אופירה ורווית,יוספי,,
15,אופירה יוספי,לא שחורה לא לבנה,,
15,היחידה לטיפול,נמרץ,,
15,היחידה לטיפול,נמרץ,מהדורה חדשה,
15,יידוב שלמה,הפעם הראשונה,,
15,שלמה יידוב,עכשיו הזמן,,
15,שלמה יידוב,חולם בספרדית,,
15,דער יידישער,חולם,,
15,ליאור ייני,השלום שלי,,
15,ליאור ייני,אליאור איתך תמיד,,
15,ליאור ייני,תודה רבה,,
15,ליאור ייני,תיאודורקיס,,
15,ליאור ייני,קלינקה,,
15,ליאור ייני,ויסוצקי,,
15,ילדות קשה,יוסי בנאי ורבקה מיכאלי,,
15,ילדות באה,באש,,
15,ילדי הכרך,,,
15,ילדי הכרך,שמונה נפשות בחדר,,
15,הים דוריוול,קאימי,,
15,ימי בנימינה,פגישה עם אהוד מנור ושיריו,,
15,ימים נפלאים,,,
15,ימים של,קיץ,,
15,נילי ינאי,מספרת כיפה אדומה,,
15,דודו יסמין,לולה יסמינה,,
15,ששי יעיש,אהבת אמת,,
15,יעקובי מרים,שרה נחום נרדי,,
15,ירוסלב מנגן,חביבי,,
15,ירוסלב יעקובוביץ,,,
15,ירוסלב יעקובוביץ,,,
15,יפתח המלוכלך,,,
15,יואב יצחק,תני לי רגע,,
15,יואב יצחק,פתחי עינייך,,
15,ישראל יצחקי,אידיש רומנטיקה,,
15,ישראל יצחקי,זי וויל זיך שפילן,,
15,ישראל יצחקי,געשאסו און געטראפן,,
15,ישראל יצחקי,להיטי זהב,,
16,ישראל יצחקי,במבחר שירים ישראליים,,
16,ישראל יצחקי,צברית,,
16,ישראל יצחקי,הדייג והים,,
16,ישראל יצחקי,אהבתי הראשונה,,
16,ישראל יצחקי,שירת הנודד,,
16,ישראל יצחקי,מבחר שירי ליבי,,
16,ישראל יצחקי,סמדר,,
16,יראון מבט,על עצמינו,,
16,ירדני נירה,שירי לאה גולדברג לילדים,,
16,מירה ודודו ירדני,חתום בנשיקה,,
16,יהוא ירון,נצח ושקר,,
16,יהוא ירון,נגד השטן,,
16,ירושלים עיר,הנצח,,
16,ירושלים של,זהב כול שירי מלחמת ששת הימים,,
16,ירושלים של,זהב באנגלית,,
16,ירושלים של,זהב,,
16,jerusalm of,gold,,
16,ירושלים של,זהב שירי מלחמת ששת הימים,,
16,ירושלים של,ברזל,,
16,ירושלים לנצח,אלי לנדאו,,
16,ירושלים song,of jerusalem,,
16,ירושלים song,of jerusalem,,
16,ירושלים שלי,,,
16,jerusalem calling,,,
16,stars for,jerusalem,,
16,ירח בשמי,גרנדה,,
16,אהרון ירימי,צא מזה,,
16,יפה ירקוני,ריקודי עם עם יפה ירקוני,,
16,ריקודי עם,עם יפה ירקוני\עטיפה אחרת,,
16,יפה ירקוני,שיר על עץ,,
16,יפה ירקוני,שירי עם,,
16,יפה ירקוני,עם להקה קולית ואינסטרומנטלית ירושלים,,
16,יפה ירקוני,בשירי ילדים של נחום נרדי,,
16,יפה ירקוני,מהדורה אחרת,,
16,יפה ירקוני,בריקודי עם ושירי ילדים,,
16,יפה ירקוני,בליווי תזמורת,,
16,יפה ירקוני,משירי לוחמים,,
16,יפה ירקוני,בשירי חגים,,
16,יפה ירקוני,האשכול,,
16,יפה ירקוני,היה היו שני חברים,,
16,יפה ירקוני,סיפורי ילדים,,
16,יפה ירקוני,יזראלי היט סונג,,
16,יפה ירקוני,יזראלי היט סונג2,,
16,יפה ירקוני,יזראלי היט סונג 3,,
16,יפה ירקוני,מאז ועד היום קופסת,דיסקים,
16,יפה ירקוני,והדודאים,,
16,יפה ירקוני,באבאלואד,,
16,יפה ירקוני,באב אל ואד מפעל ידיעות אחרונות,,
16,יפה ירקוני,"לצה""ל באהבה",,
16,יפה ירקוני,כול היונים,,
16,יפה ירקוני,הוא לא ידע את שמה,,
16,יפה ירקוני,שירים רומנטיים,,
16,יפה ירקוני,נרקודה,,
16,יפה ירקוני,עם בני הנעורים,,
16,יפה ירקוני,אל נא תאמר לי שלום עטיפה ירוקה חתום,,
16,יפה ירקוני,אל נא תאמר לי שלום שחור,,
16,יפה ירקוני,רק אתמול,,
16,יפה ירקוני,שבחי קליה,,
16,יפה ירקוני,לצלילי המזרח,,
16,יפה ירקוני,במועדון המערה,,
16,יפה ירקוני,שלושים שנה עם יפה ירקוני,,
16,יפה ירקוני,עיניים ירוקות,,
16,יפה ירקוני,בסלון בינתיים,,
16,יפה ירקוני,שירים ונפלאות,,
16,יפה ירקוני,שירי ילדים כבקשתך,,
16,יפה ירקוני,לא תיכף היינו גדולים,,
16,יפה ירקוני,עצור אבא שלי,,
16,יפה ירקוני,מבחר שירי ילדים,,
16,יפה ירקוני,חג שמח,,
16,יפה ירקוני,חג שמח בשירי חגים מהדורה בניצוח חנן וינטרנט,,
16,יפה ירקוני,ב16 שירים,,
16,יפה ירקוני,ב16 שירים באנגלית,,
16,יפה ירקוני,מעשה נפלאות ב5 אחיות,,
16,יפה ירקוני,שרה ספרדית,,
16,יפה ירקוני,דגרדן אוף אלללה,,
16,יפה ירקוני,טנגוס ישראלי,,
16,יפה ירקוני,רומניה רומניה,,
16,יפה ירקוני,רומניה רומניה עטיפה עם תוף מריים,,
16,יפה ירקוני,canciones infantiles,,
16,יפה ירקוני,אינטרנשיונל סונג קונקשין,,
16,יפה ירקוני,קנטה אן אספניול,,
16,יפה ירקוני,gue hermosas,,
16,יפה ירקוני,16 פליי סונג,,
16,יפה ירקוני,סברה,,
16,יפה ירקוני,bailando,,
17,יש לי,כנרת,,
17,יש פרחים,,,
17,ישע דודו,אישה קרובה אצל עצמה,,
17,ישעיהו תומר,אגם הלימון,,
17,ישראלים יהוה,,,
17,יהוה ישראל,,,
17,ישראל 20,,,
17,israel הוצאת,דנקרס,,
17,ecos the,israel,,
17,israel joven,ארגנטינה,,
17,israel2,,,
17,ישראל בזמר,ובמחול,,
17,ישראל בשיר,ובריקוד,,
17,ישראל בשיר,ובריקוד מספר 1 שחור,,
17,israel the,land of the bibel,,
17,ישראל שלנו,,,
17,שאול ישראלי,תקווה לשלום,,
17,שמעון ישראלי,חיפה חיפה,,
17,שמעון ישראלי,סתם יום של חול,,
17,שמעון ישראלי,שירי לוחמים,,
17,שמעון ישראלי,ציפורים בראש,,
17,שמעון ישראלי,סינייה,,
17,שמעון ישראלי,נכון לעכשיו,,
17,שמעון ישראלי,זהירות זכרונות,סינגל,
17,הכאן להקההכאן,מהדורה שנייה,,
17,כאמל גמאל,,,
17,כאן ישראל,76,,
17,כאן ישראל,78 מספר 6,,
17,כאן ישראל,77 מספר 4,,
17,כאן ישראל,77 מספר 5,,
17,כאן ישראל,שלום 7,,
17,כאסח של,להיטים שירים מתוך הסרט,,
17,,שירים מתוך הסרט כאסח 4 שירים,,
17,הכבש ה16,,,
17,הכבש ה16,מהדורת 2015,,
17,כדור רגל,אלאל ישראל חופני,,
17,כדורגל אוהב,אותך מכבי תל אביב סטלוס,,
17,כדורגל מכבי,נתניה אלופה,,
17,בן אל,ולהקת גן עדן,,
17,כדורגל שיר,אליפות לקבוצת הפועל תל אביב 1988 יואל עזאני,,
17,כדורגל שבת,בבלומפילד,,
17,\כדורגל אגודת,מכבי שעריים עלייה לליגה לאומית 1984,,נדיר
17,כדורגל\אליפות הפועל,כפר סבא,,
17,כדי שלא,יאבד,,
17,כדי שלא,יאבד 1989,,
17,כדי שלא,יאבד פברואר 90,,
17,כהן מה,שאפשר הוא מה שנשאר,,
17,כהן אבישי,the 50 gold colection,,
17,אבישי כהן,sensitive hours,,
17,אבישי כהן,החצוצרןbig vicious,,
17,אבנר כהן,מזכרת השנים,,
17,איתמר כהן,the voice of itamar,,
17,איתמר כהן,the voice of itamar,,
17,איתמר כהן,סונג אוף יימן וישראל,,
17,איתמר כהן,the best of itamar,,
17,כהן ברק,צליל מיתר נגד המשטר,,
17,כהן דודי,מאגדות דויד כהן,,
17,כהן דליה,דליה,,
17,דליה כהן,ילדה טובה,,
17,ורדינה כהן,נוסעת בעקבות האהבה,,
17,יזהר כהן,alpahabeta,,
17,יזהר כהן,להיטים,,
17,יזהר כהן,חלומות שמורים,,
17,מאור כהן,טוב לנו יחד,,
17,מזי כהן,,,
17,מישל כהן,סוד הבריאה,,
17,מישל כהן,להיטי אנריקו מסיאס בעברית,,
17,מישל כהן,קיץ ישראלי,,
17,מישל כהן,אהבת ארץ ישראל,,
17,מישל כהן,בלהיטי אנריקו מסיאס מהדורת,שדרים,
17,מישל כהן,תקליט מתוך התקליט החמישי,שדרים,
17,נועם כהן,והים התיכון,,
17,נתן כהן,זמן ומקום,,
17,נתן כהן,זמן ומקום,,
17,כהנא גלעד,אפריקה שלי,,
17,מאיר כהנא,speaks,,נדיר
17,רוני כובד,ימים של זוהר מתוך אריך הנגן כול אהבותיי,,
17,כוורת,שלושת אלבומי האולפן,,
18,כוורת,סיפורי פוגי עם תוכנייה,,
18,כוורת,פוגי בפיתה,,
18,כוורת,צפוף באוזן,,
18,כוורת,סיפורי פוגי הופעה חיה בירושלים,,
18,כוורת,בהופעה חיה קיץ 84,,
18,כוורת,מחכים לשולה,סינגל,
18,כוורת,מאיר ואלון עם להקת כוורת,סינגל,
18,כוורת,אופרת פוגי סיפור הארון,,
18,כוורת,תוכנית רדיו בארהב,,נדיר
18,כוכב השחר,נועם קניאל מתוך הסרט,,
18,יגאל כוכבי,אותו אדם,,
18,כוכבי המצעד,עם צביקה פיק ויוני נמרי,,
18,כוכבים בחוץ,הטלויזיה הלימודית,,
18,כוכבים בשמי,המחזמר,,
18,כוכבים ולהיטים,כפול,,
18,כחול לבן,בצבעים תקליט,שדרים,
18,כך נולדה,ישראל emi,,
18,כך נולדה,ישראל 1948,,
18,כך נולדה,ישראל שיבה למולדת היהודית,,
18,כול אחד,הוא עוד קצת ילד שירי ילדים מעין החורש,,
18,כול החגים,שירי חג לילדים,,
18,כול העולם,במה עשור לאמי אגודת אומני ישראל,,
18,כלבם של,בני בסקרוויל שרלוק הולמס מספר אברי גלעד,,
18,כלבתא ומיקס,מונסטר,,
18,כלי התזמורת,,,נדיר?
18,כולם ילדים,כולם,,
18,כמו ציפורים,,,
18,כנסיית השכל,ידייים למעלה,,
18,כנסיית השכל,זה לא אני,,
18,כנסיית השכל,רוץ ילד,,
18,כנר על הגג,בומבה צור,,
18,כנר על הגג,רודנסקי,,
18,כספי מתי,פעמון,,
18,מתי כספי,צד א צד ב,,
18,מתי כספי,כשאלוהים אמר בפעם הראשונה,,
18,מתי כספי,צד ג צד ד,,
18,מתי כספי,צד נוסף,,
18,מתי כספי,25725,,
18,מתי כספי,שירים במיץ עגבניות,,
18,מתי כספי,כולם שרים את מתי כספי,,
18,מתי כספי,ארץ טרופית משגעת,,
18,מתי כספי,שר סשה ארגוב,,
18,מתי כספי,מתיתיהו ואלכסנדר,,
18,צבי כספי,כי ביתי בית תפילה,,
18,צבי כספי,זכרונות מבית אבא,,
18,גדעון כפן,ילד השדה,,
18,כפפות,שיר מהסרט,,
18,כפר בילו,הכפר שלי בן 50,,
18,כפר יהושוע,50 לכפר יהושוע,,
18,אסתי כץ,אני מדבר,,
18,כרומוזום,,,
18,כרמלה גרוס,ואגנר פרח שחור,,
18,כרמלה גרוס,וגנרמהדורת 2023,,
18,כרמלה גרוס,וגנר עיוור בלב,,
18,כרמלה גרוס,תמונה אימפרסיוניסטית,סינגל,
18,כרמלה גרוס,וגנר אלינור,,
18,ערן כרמלי,אותך,סינגל,
18,כשבגרוש היה,חור,,
18,לא אכפת,להם שלישיית מתי כספי,,
18,לא לשידור,ארנון צדוק,סינגל,
18,לא דיברנו,עוד על אהבה,,
18,לא לשווא,שירם מתוך מופע העשור של בית הלוחם,,
18,רוני לאה,אחת התחנות,,
18,לאוזניים צעירות,עדנה לב,,
18,אהבתה של,טרזה דימון,,
18,עדנה לב,קרן שמש קרן זוהר,,
18,עדנה לב,עייפה קצת,,
18,עדנה לב,הדרך אליי,,
18,אמיר לב,רוצה לראות אתכם במקומי,,
18,אמיר לב,רומה,,
18,איציק לב,רן כמו חלום,,
18,לבבתיני,,,
18,אריק לביא,,,
18,אריק לביא,הוא והיא,,
18,אריק לביא,מצהל באהבה,,
18,אריק לביא,שער לאוגדת הפלדה,,
18,אריק לביא,שיר הוא לא רק מילים,,
18,אריק לביא,מתשח באהבה,,
18,אריק לביא,מתשח באהבה עטיפה אפורה,,
18,אריק לביא,stars of israel,,
18,אריק לביא,אורח של הזמן הבורח,,
18,אריק לביא,קרוב לפנות בוקר,,
18,אריק לביא,דיוקן,,
18,אריק לביא,אני אשיר לך שיר,,
18,אריק לביא,כול החלומות,,
18,אריק לביא,שר,,
18,אריק לביא,כיבוי אורות,סינגל,
18,אריק לביא,תן לי כוח,סינגל,
18,אריק לביא,אהבה אחרונה,סינגל,
18,דליה לביא,סימפטי,,
18,דליה לביא,i am asabra,,
19,לביא ראובן,,,
19,חני לבנה,ווקליזה,,
19,חני ליבנה,היכרות,,
19,ליבנת שולמית,שירי ילדים לכול גיל,,אימא של לימור ליבנת
19,ליבנת שולמית,שרה שירי עם ישראלים,,
19,ליבנת שולמית,סינגיג שלום וויז,,
19,לגן,,,
19,אריאלה להט,אתמולים,,
19,להיט ועוד,להיט הביצועים המקוריים,,
19,,להיטי הזהב של עולם המחזמר,,
19,,להיטי החסידים,,
19,,להיטי השנה,,
19,,להיטי זהב 1,,
19,להיטים לילדים,,,
19,24 להיטים,לילדים,,
19,להיטים בצמרת,,,
19,להיטים לוהטים,בירה אמסטל,,
19,להיטים להיטים,,,
19,להיטים לילדים,,,
19,להיטים מהמסך,הקטן,,
19,הלהקה,עטיפה מצויירת,,
19,להקת איילון,בקיצור ולעניין,,
19,להקת איילון,ניורק תל אביב,,
19,להקת איילון,סינג אלונג ויד יזראל,,
19,להקת איילון,the ayalon,,
19,להקת אינץ,,סינגל,
19,להקת גילגל,,,
19,להקת דמול,,,
19,להקת ההדרים,מבחר שירים ומחולות עם,,
19,להקת הזמר,של קיבוץ העוגן צבע אחר,,
19,להקת הזמר,של קיבוץ העוגן עלי שיר,,
19,להקת הטיילת,,,
19,לקוצרים הידד,,,
19,להקת ישיבת,התפוצות בואי כלה,,
19,להקת ישיבת,התפוצות דויד מלך ישראל חי,,
19,להקת ישיבת,התפוצות מלווה מלכה,,
19,להקת ישיבת,התפוצות בשער התשובה,,
19,להקת ישיבת,התפוצות ארץ אבותינו,,
19,להקת כוכב,הזהב אודרדלה,,
19,להקת כרמון,שירי עם עם להקת כרמון,,
19,להקת כרמון,שירי עם בביצוע להקת כרמון כפול,,
19,,שירי עם להקת כרמון,,
19,להקת כרמון,chants des sabras,,
19,להקת כרמון,יזראל סינג,,
19,להקת כרמון,סונג אוף דה סברס,,
19,יונתן כרמון,גרנד מיוקל הול ביזראל,,
19,להקת מאור,שיעור מולדת,,
19,להקת נעמת,סיבוב ראשון,,
19,להקת פיקוד,דיזינגוף,,
19,להקת פיקוד,דיזינגוף מערכונים,,
19,להקת צופי,תל אביב,,
19,להקת שיבת,ציון,,
19,להקת שלהבת,,,
19,"לואיג""י אליל",הנוער,,
19,לואיגי מאמה,רוזה,,
19,לובנגולו מלך,זולו,,
19,אלי לוזון,איזו מדינה,,
19,שמעון לוזון,פעם שלי פעם שלו,,
19,שרה אוסנת,הלוי ירושלים,,
19,אוהלה הלוי,ניו סונג אוף יזראל,,
19,אוהלה הלוי,וויס אוף יזראעל,,
19,אוריה הלוי,בלול של נאווה,,
19,אושיק לוי,קצת שקט,,
19,אושיק לוי,הייתי גבר,,
19,אושיק לוי,איפה טעינו,מהדורה חדשה,
19,אושיק לוי,חדש וקצת ישן,,
19,אושיק לוי,בקצה ילדות,,
19,ארז הלוי,הלילה,,
19,ארז הלוי,הלילה,מהדורה חדשה,
19,זוהר לוי,זוהר,,
19,יסמין לוי,la ganderia,,
19,יצחק לוי,בשירת יהודי ספרד,,
19,יעל לוי,תמונה,,
19,יעל לוי,אהבת צעצוע,,
19,יעל לוי,אל תקנה לי ורד,,
19,יעל לוי,בלדה לנאיבית,סינגל,
19,מאיר לוי,מקבלת אחיעזר,,
19,מאיר לוי,סונגס אוף דהאוריינט,,
19,מאיר לוי,ירושלים של גולד,,
19,נתי לוי,אש,,מבוקש
19,נתי לוי,שלום נערתי,,
19,עופר לוי,אהבה אמיתית,,
19,שם טוב לוי,מצב רוח,,
19,שם טוב לוי,התעוררות,,
19,שם טוב לוי,נעימות מולדת,,
19,שם טוב לוי,שוחד,,
19,שם טוב לוי,ואבי לייבוביץ אורקסטה בחברה טובה,,
19,לוליק,שר לורקה,,
19,לויד גימי,1977,,
19,לויט רוס,רמפה רמפה,,
19,לויט רוס,עם הלהיטים קמנגי ארקדש,,
20,יעל נחשון,לוין,,
20,לולה מרס,רמבר רוזס,,
20,לולה מרס,someday tomorow maybe,,
20,lola mars,shot shot cherry,,
20,מוריס לוסקי,שירים במארוקאית,,
20,לופו שירים,מהסרט,,
20,לופז שמונה,מאות שנה למוסיקה עברית,,
20,לאה לופטין,קו הטירוף,,נדיר
20,חיים לוק,שירי ידידות,,
20,לזכר,מנגינות לימי זיכרון ואבל,,
20,לחיות עוד,קיץ,,
20,לחיי הספינות,שבדרך,,
20,עברי לידר,דיסקו,סינגל,
20,דני ליטני,יחס חם,,
20,דני ליטני,הבזאר הגדול,,
20,ליטר שפיך,,,
20,לילי גל,תורן וגיא לוי,,
20,לילי פרנקו,אפשר לראות דגים,,
20,לילי פרנקו,יפה ושלווה,,
20,לילה טוב,שירי ערש,,
20,ליל מחתרות,,,
20,לילות רוסיה,הקסומים,,
20,לילך,גינגי שירים שאני אוהבת לשיר,,
20,לילך הגינגית,תקליט מתוק,,
20,נחמה ליפשיץ,רסיטל תקליט רוסי,,
20,נחמה ליפשיץ,איך זינג פאר אייך,,
20,נחמה ליפשיץ,הופעה פומבית ראשונה,,
20,נחמה ליפשיץ,תקליט עם חוברת מהדורת ספר,,
20,שרון ליפשיץ,קולנוע,,
20,שרון ליפשיץ,שתי בובות על חוט,,
20,ציונה לירון,הבה נשחקה,,
20,גי למוטה,ככה שמעתי,,
20,גי למוטה,ברנד ניו גויסט,,
20,גי למוטה,סוזום,,
20,למנצח,,,
20,למרוסיה באהבה,,,
20,חנה לסלאו,בחיוך ישיר,,
20,חנה לסלאו,סבתא זפתא,,
20,אלי לפיד,הולכת אחריי,,
20,לקט מזרחי,,,
20,לקט מהמצעד,,,
20,לקראת ארוויזיון,81,,
20,לקראת אירוויזיון,82,,
20,לקראת אירוויזיון,83,,
20,לקראת אירווויזיון,85,,
20,קדם אירווויזיון,1986,,
20,קדם אירוויזיון,1987,,
20,לרוז,,,
20,לשנה הבאה,בירושלים,,
20,לשיר כמו,גדול כוכבים לארז,,
20,לשיר כמו,גדול מספר 3,,
20,100 שירים,ראשונים,,
20,מאוצר השירה,העברית,,
20,מאחורי הסורגים,,,
20,מאחורי הצלילים,,,
20,מאחורי הצלילים,1984,,
20,מאי תוך,כדי,,
20,מאיר מאיר,,,
20,נילי המאירי,מספרת על האתון אברה,,
20,עוזי מאירי,זמר הבאנו,,
20,מרקי פנק,אינסטינקט,,
20,מאמי,,מהדורה חדשה,
20,מארש דונדורמה,,,
20,מבחר הפזמון העברי,,,
20,,מבחר להיטי ישראל,,
20,,מבחר להיטי ישראל 2,,
20,,מבחר שירי ילדים,,
20,,מבחר שירי ילדים 37 שירים,,
20,,מבחר שירי ילידים כבקשתך 41 שירים,,
20,,מבחר שירי ילדים כבקשתך מספר 2,,
20,,מבחר שירי שבת ושירים חסידיים,,
20,,מבחר שירים לאמיר ואפרת,,
20,,מבחר שירים תימניים עם אורי שבח ורמי דנוך,,
20,המגבית היהודית,המאוחדת the night shall shune as the day,,
20,המגבית היהודית,אם אשכחך ירושלים,,
20,המגילה איציק,מאנגר באידיש,,
20,המגילה אידיש,ואנגלית,,
20,המגילה 83,סרט,,
21,ליז מגנס,סולו ארגוב,,
21,ליז מגנס,כול מה שיש,,
21,מגפיים מגף,אחד חלוץ,,
21,צרלי מגרה,tomorows gon,,
21,צרלי מגרה,da abtomatic,,
21,צרלי מגרה,love polis,,
21,צרלי מגרה,בום צאק בום בום,,
21,צרלי מגרה,the end of teenage,,
21,צרלי מגרה,ונערת ההפקר,,
21,דני מדר,אל תיקח ללב,,
21,מה הדעווין,שלך כול להיטי החאפלה,,
21,מה טוב,יחדיו בית הספר עמק הירדן,,
21,מוני ןבראבא,מה שיהיה יהיה,,
21,מהו גז,לאונרד ברנשטיין,,
21,mujahideen dead,language,,
21,mer+or,,,
21,מוכרת הסברים,,,
21,לווריאטי באהבה,אוסף,,
21,המולוך מלך,עכברוש,,יקר
21,מוניקה סקס,פצעים ונשיקות,,
21,מוניקה סקס,חיות מחמד,,
21,מוסטקי,איש באר שבע,,
21,להקת מוסקבה,צרנוביל,סינגל,נדיר
21,להקת מוסקבה,רוברט,,נדיר
21,ללהקת מוסקבה,שלושה שירים,,נדיר
21,מוסקבה,1986,,נדיר
21,מוסקבה,כבישים שרופים,,
21,אריה מוסקונה,אין כיסוי,,
21,מועדון החתול שמיל,,,
21,מועדון הצועני,השורק,,
21,מועדון התיאטרון,החיפאי היסטוריה בגרוש,,
21,יסמין מועלם,אין עולם,,
21,שמעון מור,עם להקת מוניטין,,
21,שמעון מור,סטברוס עם להקת מוניטין,,
21,מורשה שירי,הווי וטקס של קהילות בישראל,,
21,המורשת המוזיקלית,של יהודי בבל(כולל דויד אלחכוותי),,
21,מושיק מזמור,שיר,,
21,מזמורים שירת,ספרד קודש וחול,,
21,מזל טוב,דורון מזר,,
21,מזרח,,,
21,מחוללי הכרמל,,,
21,מחשבות שאינן,רוצות לישון,,
21,אבי מטוס,לוקח את היום לאט,,
21,אבי מטוס,מהדורת 2019,,
21,יחזקאל מטרי,בסלסולי תימן,,
21,יחזקאל מטרי,אהבת תימן,,
21,מיטב השירים הגדולים,ישראל,,
21,שמשון מיאל,פרדס הגחלים הלוחשות,,
21,שמשון מיאל,אמסטרדם לנואייבה,,
21,מיהו יהודי,רוקד דיסקו ישראלי,,
21,גילי מיילי,למה סמבה תקליט,שדרים,
21,מיין שיינע,ליידי גבירתי הנאווה באידיש,,
21,"ג""קי מייקה",בואי ונשירה,,
21,"ג""קי מייקה",מכתב החייל,,
21,"ג""קי מייקה",ימי נעוריי,,
21,"ג""קי מייקה",שירו ביחד,,
21,גקי מייקה,שר לך אימא,,
21,גקי מייקה,היו זמנים,,
21,זקי מייקה,מאדונה,,
21,זקי מייקה,שש עשרה מלאו לנער,,
21,זקי מייקה,אינשאללה,,נדיר
21,זקי מייקה,הביתה ל בלבד,שדרים,נדיר
21,מייקי,אקורד ראשון,,
21,רבקה מיכאלי,שעות נוספות,,
21,רבקה מיכאלי,כאן,,
21,רבקה מיכאלי,הרחוב שלנו,,
21,רבקה מיכאלי,בעיר העתיקה,,
21,רבקה מיכאלי,שירים במיץ,,
21,מיכאליס,(קוליפון),,
21,יאיר מילר,לקט משירי יאיר מילר,,
21,יאיר מילר,שירים 64-79,,
21,סוזי מילר,ורוברט הרובוט שירו שיר,,
21,סוזי מילר,הבה נטייל בארץ,,
21,מיכל,,,
21,מינימל קומפקט,,,
21,מינימל קומפקט,live,,
21,מינימל קומפקט,static dancig,,
21,מינימל קומפקט,raging souls,,
21,מינימלקומפקט,נקסט טיים איז ריל,,
21,מינימלקומפקט נקסט,טיים איז ריל עטיפה אחרחת,,
21,מינימל קומפקטthe,figure one cuts,,
21,מינימלקומפקט one,by one,,
21,מינימלקומפקט,lowlands flight,,
21,מינימל קומפקט,creation is perfect,,