box,id_letter,artist,name,notes
1,א,חווה אלברשטיין,השנים הראשונות 16 דיסקים,
1,א,חווה אלברשטיין ,בשירים עבריים,
1,א,חווה אלבשרטיין ,פרח הלילך,
1,א,חווה אלבשרטיין והפלטינה,,
1,א,חווה אלברשטיין ,מרדף,
1,א,חווה אלברשטיין ,לו יהי,
1,א,חווה אלברשטיין ,בתכנית יחיד הוקלט בהופעה פומבית,
1,א,חווה אלברשטיין ,בתכנית יחיד,
1,א,חווה אלברשטיין והפלטינה,,
1,א,חווה אלברשטיין והפלטינה,,
1,א,חווה אלברשטיין ,כמו צמח בר,
1,א,חווה אלברשטיין ,התבהרות,
1,א,חווה אלברשטיין ,הלילה הוא שירים,
1,א,חווה אלברשטיין ,נמל בית,
1,א,חווה אלברשטיין ,שרה לילדים צוללת צברית,
1,א,חווה אלברשטיין ,הצורך במילה,
1,א,חווה אלברשטיין ,לונדון,
1,א,חווה אלברשטיין ,מהגרים,
1,א,חווה אלברשטיין, להיטי זהב,
1,א,חווה אלברשטיין ,שירי ילדים צעצועיה של אסנת,
1,א,חווה אלברשטיין ,אישה באבטיח,
1,א,חווה אלברשטיין ,ואמנון מסקין אנדנדינו ,
1,א,חווה אלברשטיין ,טיקיליטון,
1,א,חווה אלברשטיין ,האבן מיר אניגנדו,
1,א,חווה אלברשטיין ,מארגאריטעלעך,
1,א,חווה אלברשטיין ,זיגנט יידיש,
1,א,חווה אלברשטיין ,עוד שירים ביידיש,
1,א,חווה אלברשטיין ,שירי פולקלור יהודיים (ספרדית),
1,א,חווה אלברשטיין,ואיך אצלך,
1,א,אלג'יר ,מנועים קדימה,
1,א,דודו אלהרר ,בולבול טרנג,
1,א,דודו אלהרר ,הענק מארץ קנאק,
1,א,דודו אלהרר ,שרץ שרץ תרדוף,
1,א,דודו אלהרר , איזה יום יפה,
1,א,דודו אלהרר ,תקליט שדרים הילד ניסים,
1,א,גדי אלון ,SING OBELOVED LAND,
1,א,גדי אלון ,STELS SHOW תקליטון,
1,א,גדי אלון ,ירושלים,
1,א,גבע אלון ,תהיי איתי,
1,א,גבע אלון ,מחפש שמיים,
1,א,גבע אלון ,פולואו,
1,א,גבע אלון ,GET CLOSER,
1,א,יגאל אלון, שירים שאהב,
1,א,יוסי אלון ,להיט מהצפון,
1,א,אפרת אלוני ,מתחילים להבין,
1,א,מירי אלוני ,מונה ליזה של המאה ה-20,
1,א,מירי אלוני ,טיפה אהבה,
1,א,מירי אלוני ,אליהו ,
1,א,עמוס אלוני וחלילו,,
1,א,אלוף בצלות ואלוף שום מחזמר,,
1,א,רן אלירן ,מארבע רוחות שמיים,
1,א,רן אלירן ,1968,
1,א,רן אלירן,תן לשיר,
1,א,רן אלירן ,בג'רי קוקלב LA,
1,א,רן אלירן ,זר של פזמונים,
1,א,רן אלירן ,נוסטלגיה זה כבר לא מה שהיה,
1,א,רן אלירן ,זה שיגעון,
1,א,רן אלירן ,פיצ'רינג סונג אוף דה סיקס דיי וור,
1,א,רן אלירן ,זר של פזמונים,
1,א,רן אלירן ,לה במבה,
1,א,רן אלירן ,פסיכדלי,
1,א,רן אלירן ,ניו סאונדס אוף ישראל,
1,א,רן אלירן ,מודרנ מודס אוף ישראל,
1,א,רן אלירן ,וואט דו יו דו וון יו אר יאנג אנד וויט אנד ג'ו,
1,א,רן אלירן ,הום וורלד,
1,א,רן אלירן ,טוויליט סונגס אוף ישראל,
1,א,רן אלירן ,דה בסט אוף,
1,א,רן אלירן ,גולדן סונגס אוף ישראל,
1,א,רן אלירן,לדינו,
1,א,רן אלירן ,סינגס,
1,א,רן אלירן ,ווינדוס אוף דה וורלד,
1,א,רן אלירן ושלום סינגרס ,לטס אול סינג אלונג,
2,א,אלינור שרה נעמי שמר,,
2,א,שרה אלכסנדר שלום,,
2,א,אלכסנדרה ,,
2,א,אלכסנדרה יקלוט,,
2,א,אלכסנדרה ועודד,,
2,א,גילה אלמגור ,לולה הקטנה,
2,א,גילה אלמגור ,כמעט חזקה,
2,א,גילה אלמגור ,כמעט חזקה שדרים,
2,א,אשר אלמגרבי ,חסן אבו פיתה,
2,א,ויקטור אלמגריבי,,
2,א,אלף נשיקות קטנות פסקול הסרט,,
2,א,זוהרה אלפסיה,,
2,א,אסתר אלפסי,,
2,א,יוסי אלפנט ,למה פיל אבוד,
2,א,יוסי אלפנט ,שיר הדביל,
2,א,יוסי אלפנט ,סוזן,
2,א,יוסי אלפנט ,למה פיל איך כש,
2,א,יוסי אלפנט ,רום 101,
2,א,אלקטרה,,
2,א,אלקטריק זו,,
2,א,ג'קי אלקיים ,לך קריית גת,
2,א,ג'קי אלקיים ,,
2,א,ג'קי אלקיים ,מבחר שירים מהקלטת,
2,א,ג'קי אלקיים ,בזכות באבא סלי,
2,א,עשור אלקיים הפסנתר המזמר,,
2,א,"אם אשכח ירושלים, שירי ירושלים מאז ועד היום",,
2,א,אמא קטנה,,
2,א,אסף אמדורסקי ,אלבום בכורה,
2,א,אסף אמדורסקי ,השמים הכחולים,
2,א,אסף אמדורסקי ,מנועים שקטים,
2,א,אסף אמדורסקי ,הרי את,
2,א,אסף אמדורסקי ,פה,
2,א,אסף אמדורסקי ,432,
2,א,בני אמדורסקי ,,
2,א,"עשור לאמי, אגודת אמני ישראל. אמני ישראל שרים",,
2,א,דני אמיר ,נסיגה בשלבים,
2,א,אנ אמ סי (NMC) פרומו דיסקים,,
2,א,אנג'לה חבלה יוונית עם בן מוש,,
2,א,אנגלית קלה,,
2,א,The angelcy,,
2,א,אנו נהיה הראשונים,,
2,א,אנו נהיה הראשונים ,1,
2,א,אנו נהיה הראשונים ,2,
2,א,"אנו עולים ושרים, שירי השומר הצעיר",1,
2,א,"אנו עולים ושרים, שירים השומר הצעיר ",2,
2,א,אנחנו כאן ,1,
2,א,אנחנו כאן ,2,
2,א,אנחנו כאן ,3,
2,א,אנחנו לא נספיק לשיר ירוק,,
2,א,אנחנו לא נפסיק לשיר טיילת תל אביב,,
2,א,אנחנו לא נפסיק לשיר כותל,,
2,א,אנחנו שרים לך,,
2,א,אני ואת ושירים,,
2,א,אני לא מפחד מהגן ,,
2,א,אני לא מפחד מכיתה א,,
2,א,אני ציוני,,
2,א,אני אשתגע,,
2,א,האנסמבל הישראלי לכלי פריטה,,
2,א,מרגלית אנקורי ,מוכרחים לזוז,
2,א,מרגלית אנקורי ,היו ימים,
2,א,אתי אנקרי ,רואה לך בעיניים,
2,א,אנרגיה חולנית,,
2,א,ספיחס אסקימו לימון,4,
2,א,אסקימו לימון ,,
2,א,אסקימו לימון שיפשוף נעים,3,
2,א,אסקימו לימון יוצאים קבוע,,
2,א,אסקימו לימון באנגלית,,
2,א,16 להיטים מהסרט אסקימו לימון שירים מקוריים,,
2,א,אף אוזן גרון שמש אחת,,
2,א,אפור גשום תנשמת,,
2,א,אפור גשום שעון החול,,
2,א,אפור גשום מקום אחר,,
2,א,קורין אלאל ,אצבעות שמחות,
2,א,נועם אקוטונס ,זר דפנה לנצח,
2,א,אקסודוס,,
2,א,עופר אקרלינג ,לא רוצה לזמביה,
2,א,עופר אקרלינג ,ילדי טלויזיה,
2,א,גרי אקשטיין ,מחזור א',
2,א,ג'רי אקשטיין ,לא לשידור,
2,א,גרי אקשטיין, עבודת יד,
2,א,גרי אקשטיין ,גדליהו והמסטוק מספר החתול שמיל,
2,א,יורם ארבל ,(בקופסא תקליט יקר),
2,א,יורם ארבל ,מספר הבית ברחוב פיציקטו,
2,א,4 קולות,,
2,א,14 האוקטבות,,
2,א,14 אוקטבות מהדורה חדשה,,
2,א,44 שעות בירושלים ביקור הנשיא סעדת בעברית,,
2,א,44 שעות בירושלים ביקור הנשיא סעדת אנגלית ,,
2,א,שיר אהבה חיילי לסאשה ארגוב,,
2,א,שרון ארון שירים ישראליים,,
3,א,זוהר ארגוב ,חייו ומותו של המלך מארז 17 דיסקים,
3,א,זוהר ארגוב ,כך עוברים חיי,
3,א,זוהר ארגוב ,להיות אדם,
3,א,זוהר ארגוב ,היו זמנים,
3,א,זוהר ארגוב ,אמריקה שלי,
3,א,זוהר ארגוב ,אלינור,
3,א,זוהר ארגוב ,נכון להיום,
3,א,זוהר ארגוב ,נכון להיום מהדורה מקורית ,
3,א,זוהר ארגוב ,אלינור מהדורה חדשה,
3,א,סשה ארגוב עדנה גורן וקובי רכט,,
3,א,נגה ארז ,OF THE REDAR,
3,א,נגה ארז ,AGAINST THE MACHIN,
3,א,ראובן ארז ,דחף פנימי,
3,א,ראובן ארז ,נער הלילה,
3,א,ארז פרופר, ליידי,
3,א, ירדנה ארזי ,אתה לי ארץ,
3,א,ירדנה ארזי ,דרישת שלום,
3,א,ירדנה ארזי ,עוד יום אחד,
3,א,ירדנה ארזי ,נשמה צענית,
3,א,ירדנה ארזי ,ריח דבש וריח מנטה,
3,א,ירדנה ארזי ,מה נשמע,
3,א,ירדנה ארזי ,,
3,א,ירדנה ארזי ,דמיון מזרחי,
3,א,ירדנה ארזי, רמיקס,
3,א,מאיר אריאל ,שירי חג ומועד ונופל,
3,א,מאיר אריאל, וגלוי עיניים,
3,א,מאיר אריאל, ירוקות,
3,א,מאיר אריאל ,עברנו את פרעה,
3,א,מאיר אריאל ,וגלוי עיניים מהדורה חדשה,
3,א,מאיר אריאל ,רישומי פחם,
3,א,מאיר אריאל ,ירוקות מהדורה חדשה,
3,א,מאיר אריאל ,שיר הקומבינה ,
3,א,מאיר אריאל ,מדרש יונתי,
3,א,להקת האריות ,תותי פרוטי,
3,א,להקת האריות ,עם מירי וחיימון לילה ויום,
3,א, להקת האריות ,הו דרלינג,
3,א,להקת האריות ,כמו שאהבנו,
3,א,להקת האריות ,טלוויזיה,
3,א,ארמון ,,
3,א,מ. ארייניס,,
3,א,דפנה ארמוני,,
3,א,דפנה ארמוני ,סיפור בג'ינס,
3,א,יהודה ארן ,קולות ודמויות,
3,א,לוסי ארנון,,
3,א,זמרה אורנת שירים ישאליים,,
3,א,ארץ טרופית יפה,,
3,א,ארץ ישראל שלי מיטב שירי ארץ ישראל לילדים,,
3,א,שלמה ארצי ושלום חנוך ,דיסק,
3,א,שלמה ארצי ,טיול לארץ התווים,
3,א,שלמה ארצי ,חצות,
3,א,שלמה ארצי ,מקום,
3,א,שלמה ארצי ,לילה לא שקט,
3,א,שלמה ארצי, דרכים,
3,א,שלמה ארצי ,תרקוד,
3,א,שלמה ארצי ,השירים,
3,א,שלמה ארצי ,השירים היפים,
3,א,שלמה ארצי ,שר ומספר לילדים על יאן הגמד,
3,א,שלמה ארצי ,השירים 2,
3,א,שלמה ארצי ,חום יולי אוגוסט,
3,א,שלמה ארצי ,חום יולי אוגוסט 2,
3,א, שלמה ארצי, זמר השנה,
3,א,שלמה ארצי ,על אנשים,
3,א,שלמה ארצי ,לכל החברים מהמסע מים אל ים,
3,א,שלמה ארצי ואצ'ו,,
3,א,שלמה ארצי, כרטיס ללונה פארק,
3,א,שלמה ארצי ,כרטיס ללונה פארק,
3,א,שלמה ארצי ,רומנסה ופיוט,
3,א,שלמה ארצי ,אומרים ישנה ארץ,
3,א,שלמה ארצי ,את ואני,
3,א,שלמה ארצי ,פתאום אחרי ימים רבים,
3,א,שלמה ארצי ,תעודת זהות,
3,א,שלמה ארצי ,תעודת זהות,
3,א, שלמה ארצי ,משחקי 26,
3,א, שלמה ארצי ,טיול לארץ התווים,
3,א,שלמה ארצי ,טיול לארץ התווים,
3,א,שלמה ארצי, סייסטה מקומית,
3,א,שלמה ארצי ,אחרי שנואבה נגמרה,
3,א,שלמה ארצי ,ירח מהדורה חדשה,
3,א,שלמה ארצי, שניים,
3,א,שלמה ארצי ,לייב בארבי,
4,א,שלמה ארצי ומאיר שלו ,סיפורי התנך לילדים,
4,א,שלמה ארצי ומאיר שלו ,סיפורי התנך לילדים ב,
4,א,שלמה ארצי ומאיר שלו ,סיפורי התנך לילדים ג,
4,א,שלמה ארצי ,שר ומספר לילדים על יאן הגמד,
4,א,שלמה ארצי ,אהבתיהם,
4,א,שלמה ארצי ,יום ארוך דיג'י,
4,א, שלמה ארצי ,אושר אקספרס,
4,א,שלמה ארצי ,רומנסייה ופיוט,
4,א,שלמה ארצי ,ואצ'י מהדורה חדשה,
4,א,ארצנו הרוקדת משה אושרוביץ ולהקתו,,
4,א,אילן אשד ,לשיר בחצוצרה,
4,א,יזהר אשדות ,הופעה חיה בהארד רוק קפה,
4,א,יזהר אשדות, האלבום השני,
4,א,האשקולית של בית השיטה,,
4,א,אשרי האיש חבורת שירלי,,
4,א,יהודה אשש,,
4,א,רוני אשתר, זה הזמן,
4,א,את תלכי בשדה שירי לאה גולדברג,,
4,א,אתניקס ,האוסף ספר,
4,א,אתניקס,,
4,א,אתניקס ,מסאלה,
4,א,אתניקס ,היי דרומה דיג'י,
4,ב,באה התזמורת שירי תזמורת וכלי הקשה לילדים,,
4,ב,הדסה באו ,למרות הקול הכל בסדר,
4,ב,יאיר באני ,ברוח הזמן,
4,ב,באמת או בצחוק מתוך ההצגה,,
4,ב,בבהילו יצאנו מצרים סדר פסח של יהודי מרוקו,,
4,ב,תזמורת כלי פריטה בנגב באר שבע קונסרבטוריום העירוני,,
4,ב,תזמורת הנוער העירוני באר שבע,,
4,ב,אלברט בגר ,קברטט,
4,ב,בגובה העיניים יוני רכטר עלי מוהר,,
4,ב,מנחם בגין, דיוקן,
4,ב,מני בגר ,רוק תל אביב,
4,ב,מני בגר ,הייתי בגן עדן,
4,ב,מני בגר ,חייל של יום אחד,
4,ב,מני בגר יצחק קלפטר דואט שלי עם יצחק,,
4,ב,בדומיה שירי יהדות ברית המועצות ואסירי ציון,,
4,ב,שרה בדני,,
4,ב,בדל של אור ברי סחרוף דודו טסה,,
4,ב,בדרך לארוויזיון,,
4,ב,בדרך מערבה,,
4,ב,רוברט יוסף בכר,,
4,ב,בוא איתי אל הגליל,,
4,ב,בוא לבר בונג רוק,,
4,ב,בוא לבר החבר שלי חשושי ,,
4,ב,בוא לבר ג,,
4,ב,בואו נשיר,,
4,ב,יעקב בודו ,הצביעו בעד בודו,
4,ב,יעקב בודו, יידיש קייט,
4,ב,מרדכי בוזגלו ,אל המקורות,
4,ב,מרדכי בוזגלו ,לשיר ולשמוח,
4,ב,עירית בולקה, אדון שלי דיג'י,
4,ב,עירית בולקה ,אנא סלח,
4,ב,עירית בולקה ,בחלום אחר,
4,ב,עירית בולקא ,כמו שני זרים,
4,ב,עירית בולקא ,לילה קר,
4,ב,עירית בולקא ,הלאה,
4,ב,בום פם רויאל,,
4,ב,בוני ירושלים,,
4,ב,א א בוסקוביץ סויטה שמית שרשרת הזהב,,
4,ב,בוסתן ספרדי,,
4,ב,אלון בור ,חלומריבה,
4,ב,בורגראנץ שיר התפריט,,
4,ב,צבי בורודו,,
4,ב,מייק בורשטיין ,שלכם לשעה קלה,
4,ב,מייק בורשטיין ,שר ומספר,
4,ב,מייק בורשטיין חווה אלברשטיין, יידיש פולקסונגס,
4,ב,מייק בורשטיין ,להיטי זהב,
4,ב,מייק בורשטיין ,באנגלית לייב בירושלים,
4,ב,מייק בורשטיין ,סונגס טו גרייט יידיש מיוזיקלס,
4,ב,מייק בורשטיין ,באנגלית לייב בירושלים במהדורה אחרת,
4,ב,מייק בורשטיין ,בשירי מרדכי גבירטיג,
4,ב,משפחת בורשטיין ,א חתונה אין שטעטל,
4,ב,משפחת בורשטיין ,מיין שטעטעלע בעלז,
4,ב,הבחורים מאפיקים,,
4,ב,הבחורים מאפיקים,,
4,ב,הבחורים מאפיקים לשיר זה כמו לסחוב פסנתר,,
4,ב,הבחורים מאפיקים שירי לאה גולדברג,,
4,ב,בחייהם ובמותם,,
4,ב,הבטלנים עבודה בעיניים,,
4,ב,ג'נה ביאליק ארץ,,
4,ב,ביידיש זה נשמע יותר טוב,,
4,ב,ביגי,,
4,ב,בין הצלצולים מחזמר,,
4,ב,דה גרייט אנד גלורייס,,
4,ב,תיאודור ביקל ,יהדות הדממה,
4,ב,רותי ביקל ,הירח הצהוב,
4,ב,אריק בירן, להיות כוכב,
4,ב,סמי בירנבך ונבג'מין לואו מייד טו מגר,,
4,ב,סמי בירנבך ומיתר,,
4,ב,בלובנד,,
4,ב,בלוז לחופש הגדול,,
4,ב,יוני בלוך ,הרגלים רעים,
4,ב,יוני בלוך ,אולי זה אני,
4,ב,בלונים נירה עדי ישראל גוריון,,
4,ב,בלי סודות,,
4,ב,אבי בללי המהגר,,
4,ב,בלקן ביטבוקס ,נו מייד רמיקסס,
4,ב,בלקן ביטבוקס, נו מד,
4,ב,בלקן ביטבוקס ,שט איט אאוט,
4,ב,בלקן ביטבוקס ,תרגול,
4,ב,בלקפילד,,
4,ב,בלקפילד וולקם טו מי דנא,,
4,ב,במזל דגים,,
5,ב,זהבה בן,טיפת מזל,
5,ב,זהבה בן,שרה זוהר ארגוב,
5,ב,זהבה בן,אינתה עומרי,
5,ב,זהבה בן,סלאמאת,לשדרים בלבד
5,ב,זהבה בן,איזה מן עולם,לשדרים בלבד
5,ב,חנן בן ארי,יש כאן יותר מזה,
5,ב,אביתר בנאי,הראשון,
5,ב,אביתר בנאי,לילה כיום יאיר,
5,ב,אביתר בנאי,החיים מתחילים לנגן,
5,ב,אביתר בנאי,עוגן במים,
5,ב,אהוד בנאי,והפליטים,חדש
5,ב,אהוד בנאי,קרוב,
5,ב,אהוד בנאי,קרוב,חדש
5,ב,אהוד בנאי,השלישי,
5,ב,אהוד בנאי,ויעקב בנאי תחת שיח היסמין,
5,ב,אהוד בנאי,עוד מעט,
5,ב,יובל בנאי,רשיי דאב,
5,ב,יוסי בנאי ,אנונימוס בלפי הגדול,
5,ב,יוסי בנאי ,תעלולי מקס ומוריץ,
5,ב,יוסי בנאי ,מספר ושר תעלולי המצחיקים של הרשלה מאוסטריפול וחכמי חלם,
5,ב,יוסי בנאי ,קורא מהתנך,
5,ב,יוסי בנאי ,קורא את תור המלחמה של חיים חפר,
5,ב,יוסי בנאי ,מרוב אהבה,
5,ב,יוסי בנאי ,שיכור ולא מיין,
5,ב,יוסי בנאי ,מאזן האהבות,
5,ב,יוסי בנאי ,אם נדע לאהוב,
5,ב,יוסי בנאי ,פרצוף של צועני,
5,ב,יוסי בנאי ,ספירת מלאי,
5,ב,יוסי בנאי ,אני וסימון ומויז הקטן,חלק א
5,ב,יוסי בנאי ,אני וסימון ומויז הקטן,חלק ב
5,ב,יוסי בנאי ,הגורילה שר ברנסנס,
5,ב,יוסי בנאי ,אין אהבות שמחות,
5,ב,מאיר בנאי,גשם,
5,ב,מאיר בנאי,כשהיום עולה,
5,ב,מאיר בנאי,הצבעים משתנים,
5,ב,מאיר בנאי,הופעה חיה,
5,ב,מאיר בנאי,ובניהם,
5,ב,דן בן אמוץ,איך לעשות מה,
5,ב,דן בן אמוץ,בסירה אחת,
5,ב,דוד בן גוריון ,זכרונות,
5,ב,דוד בן גוריון ,האיש מאחורי האגדה,
5,ב,דוד בן גוריון ,איי קנט הירינג נאו,
5,ב,מרדכי בן דוד,וכל מאמינים,
5,ב,רונן בן טל,תיקיות,
5,ב,רונן בן טל,תיקיות,מחודש
5,ב,מרדכי בן דוד,נשמה,
5,ב,דורי בן זאב,לכיוון מערב,
5,ב,דורי בן זאב,לימונדה,
5,ב,דורי בן זאב,גנבים,
5,ב,דורי בן זאב,חניה פרטית,
5,ב,יותם בן חורין,דיסטנס לאבר,
5,ב,רונן בן טל ,דורך במקום מזנק לרחוק,
5,ב,דני בן ישראל,שיר ערש לנווד,
5,ב,דני בן ישראל,הוא אכל אותה,
5,ב,דני בן ישראל,בולשיט שלוש ורבע,
5,ב,דני בן ישראל,חנטריש שלוש ורבע,
5,ב,דני בן ישראל,כוכב הצפון,
5,ב,דני בן ישראל,דה קטמנדו סשנס,
5,ב,בן מוש ולהקתו,הנה בא היום עם ישי לוי,
5,ב,בן מוש ולהקתו,חפלה עם בן מוש ולהקתו סולן ישי לוי,
5,ב,יענקלה בן סירה,הבנה/הבה נבשל,
5,ב,מרים בן עזרה,פולקס סונגס אוף ישראל,
5,ב,טובה בן צבי,משירי ישראל,
5,ב,טובה בן צבי,חופשות בישראל,צרפתית
5,ב,טובה בן צבי,שירי חג ומועד,
5,ב,טובה בן צבי,בעין דור,
5,ב,אילן בן שחר,קיץ של אהבה,
5,ב,שירי נחמיה בן תור ,בביצוע אסתי בן שבת,
5,ב,שירי נחמיה בן תור ,אנחנו שרים לך שירי נחמיה בן תור 2,
5,ב,בנות חוה,,
5,ב,בנזין ,,
5,ב,בנזין ,משמרת לילה,
5,ב,בנזין ,האוסף,
5,ב,בנזין ,פנס כחול,
5,ב,בנזין ,24 שעות,
5,ב,בנזין ,קחי אותי הביתה,
5,ב,בנזין ,מים שקטים,
5,ב,בנזין ,פגע וברח,
5,ב,בנזין ,פנים מול פנים,
5,ב,בנזין ,על פני השטח,
5,ב,בנזין ,היי היי,
5,ב,בנזין ,זה הכל,
5,ב,בנזין ,גשם,
5,ב,עמיר בניון,ניצחת איתי הכל,
5,ב,בני בום,,
5,,דה רביס סאנס הללו,,
5,,דה רביס סאנס טו לייף,,
5,ב,בני עקיבא, 50 שנה לבני עקיבא,
5,ב,דני בסן,,
5,ב,דני בסן,הילד שבי,
5,ב,בציר טוב,,
5,ב,בצל ירוק טעם של פעם,,
5,ב,בצלאל,ישראל פולקלור,
5,ב,בצלאל,אנד דה סברס,
5,ב,בצלאל,אנד דה סברס ירושלים של זהב,
5,ב,משה בקר ,חפצים אישיים,
5,ב,ג'ורג' בר,להיט הלו הלו,
5,ב,הראלה בר ,קשה בלילה,
5,ב,הראלה בר ,קטיפה,
5,ב,ג'ורג' בר,להיט מאמי,
5,ב,שמעון בר ,משירי עמוס אטינגר,
5,ב,בראבא,בואו לטייל,
6,ב,ג'קי בראון ,אל תנגנו את השיר הזה,
6,ב,מודי בראון ,הופעות חיות מאולפן ליגת האלופות לזכרו,
6,ב,רינה בראל, ואת לא כאן,
6,ב,רמי בר דוד ,אי אפשר לדעת,
6,ב,שמשון ברנוי ,ישראל סונגס פיצרינג,
6,ב,רון בר ,נוף עמק הים,
6,ב,רוני בר נוף ,לכו אחרי המנגן בחליל,
6,ב,רמי בר ניב ,רפסודיה בכחול מנגן ג'ז,
6,ב,בראש המצעד,,
6,ב,בראבא ,סיפור ופזמונים ע''פ תוכנית הטלויזיה,
6,ב,בראבא ,פס הקול המקורי של תוכנית הטלויזיה,
6,ב,,,
6,ב,תימנע בראוור ,,
6,ב,הנרי ברטר ,מדאם לה רווא,
6,ב,בראשית ,,
6,ב,דיודי ברוזה ,האישה שאיתי,
6,ב,דיויד ברוזה ,קלף,
6,ב,דיויד ברוזה ,ברוזה,
6,ב,דיויד ברוזה ,נשיקה גנובה,
6,ב, דיויד ברוזה ,רחוב מהבית,
6,ב, דיויד ברוזה ,לה קאסה לימון,
6,ב,ברוק אחד,,
6,ב,עמוס ברזל ,רוק כן רול,
6,ב,רמי ברזל ,משהו בפנים,
6,ב,שלווה ברטי ,נולדה מחדש,
6,ב,שלווה ברטי ,שלווה,
6,ב,שלווה ברטי ,שרה יוסף הדר,
6,ב,ישראל ברייט ,קוף עירוני,
6,ב,הברירה הטבעית ,אלי שורשים,
6,ב,הברירה הטבעית ,מתוך כלים שבורים,
6,ב,הברירה הטבעית ,חוט שזור,
6,ב,הברירה הטבעית ,מחכים לסמסונג,
6,ב,הברירה הטבעית ,מתוך תוכניתם ותקליטם החדשים של הברירה הטבעית,
6,ב,ההנאות הקטנות שבחיים ערב ברטולד ברכט,,
6,ב,שירי ברכט,,
6,ב,גבי ברלין ,אין כמו השיר הזה,
6,ב,גבי ברלין ,ממשיך ושר,
6,ב,אריק ברמן ,אהבה ואלוהים אחרים,
6,ב,אריק ברמן,46054,
6,ב,בני ברמן ,במבחר שיריו,
6,ב,בני ברמן ,חיי אדם,
6,ב,בני ברמן ,גלגול שני,
6,ב,אביתר ברנוביץ ,מרוב שאהבתי אותך משירי דיויד אבידן,
6,ב,מייק ברנט ,כל הלהיטים הגדולים,
6,ב,ניני ברנט ,אני שבשירים,
6,ב,ברנשים וחלומות,,
6,ב,דודו ברק ,דרך ארץ השקד שירי ארץ ישראל,
6,ב,קרן ברק ,בבירות 12 אינץ ו7 אינץ,
6,ב,יהודה ברקן  ,מספר סיפורים,
6,ב,דודו ברק ,אכלתה אותה,
6,ב,מוטי ברקן ,מספר ושר,
6,ב,מוטי ברקן ,מספר ושר כוכב המשחקים,
6,ב,מוטי ברקן ,הלב מסעו של מרקו מהאפנינים אל האנדים,
6,ב,מוטי ברקן ,גוליבר,
6,ב,מוטי ברקן ,שרגה אור,
6,ב,יגאל בשן ,לצפון באהבה,
6,ב,יגאל בשן ,איתך הלילה,
6,ב,יגאל בשן, יש לי ציפור קטנה בלב,
6,ב,יגאל בשן ,מכת שמש,
6,ב,יגאל בשן ,לא לבד,
6,ב,יגאל בשן ,צבעים,
6,ב,יגאל בשן ,נטו,
6,ב,יגאל בשן ,קפה אצל ברטה,
6,ב,יגאל בשן ולהקת בראש,,
6,ב,יגאל בשן, נולדתי במזל בתולה,
6,ב,יגאל בשן ,מסע אל תוך הזמן,
6,ב,יגאל בשן ,איתה,
6,ב,יגאל בשן ,יו גוט דה פאוור תוצרת גרמניה כולל אינסרט ופוסטר ענק,
6,ב,יגאל בשן ,ניל בשן היי און איזי פילינג,
6,ב,בן בשן ,איי אמם רדי,
6,ב,בן בשן, יו אר דה אונלי וואן,
6,ב,בשערייך ירושילם שירים לירושלים,,
6,ב,בתי כנסת בירושלים מבוא לסיור של יחזקל פריימן,,
6,ב,בת המלך אגדת שלושה וארבעה מאת ביאליק,,
6,ב,בתים משוקולד שירי יוסי בכר לילדים,,
6,ב,בתרי זוזי ,,
6,ג,יהורם גאון ,הקלטות מקוריות קופסאת דיסקים,
6,ג,יהורם גאון ,איסרפון,
6,ג,יהורם גאון ,תקליט ראשון איפה הן הבחורות,
6,ג,יהורים גאון ,שר כל העיר מרכלת עלינו,
6,ג,יהורם גאון ,מבחר להיטים,
6,ג,יהורם גאון ,בשירי משה וילנסקי,
6,ג,יהורם גאון ,אלף נשיקות,
6,ג,יהורם גאון ,סימני דרך,
6,ג,יהורם גאון ,ירח מלא,
6,ג,יהורם גאון, אני ירושלמי,
6,ג,יהורם גאון, בתוכנית יחיד,
6,ג,יהורים גאון ,איתך בלעדיך,
6,ג,יהורם גאון, שירי שבת,
6,ג,יהורם גאון ,פיוטים לשבת נוסח יהודי ספרד,
6,ג,יהורם גאון ,שירים לפסח במסורת יהודי ספרד,
6,ג,יהורם גאון ,79,
6,ג,יהורם גאון ,מעשיות אלף לילה ולילה,
6,ג,יהורם גאון ,קורא עזית בין שלגי החרמון,
6,ג,יהורם גאון ,קורא עזית שטה בצוללת,
6,ג,יהורם גאון ,שיר ערש לילדי הקטן,
7,ג,גאולה גיל,פולק מיוזיק ישראלי,
7,ג,גאולה גיל, סינגס ישראלי פולקסונג,
7,ג,גאולה גיל,הולידיי סונגס אוף ישראל,
7,ג,גאולה גיל,‏the exciting world of גאולה גיל,
7,ג,גאולה גיל,עם דוב זלצר ומיכאל קגן,
7,ג,גאולה גיל,now,
7,ג,גאולה גיל ,ספונפול אוף שוגר song from for the young לא יודעת משהו כזה,
7,ג,גאולה גיל ,שירי הזהב,
7,ג,גאולה גיל ,שירי ילדים מדוע זברה לובשת פיג׳מה ,
7,ג,גאולה גיל ,שלישיית גאולה גיל,
7,ג,גאולה גיל ,ראשי עליי סובב,
7,ג,גאולה גיל ,עם להקת אורנים צבר,
7,ג,ג'יין בורדו,אוקיינוסים,
7,ג,ג'יין בורדו,מה שחשוב,
7,ג,ג'יין בורדו,בלי שם,
7,ג,ג'יין בורדו,כישוף,
7,ג,משה גיאת ,בשרונה הגאולה,
7,ג,משה גיאת ,שירי שירי שירי קודש ומסורת,
7,ג,משה גיאת ,בליווי מקהלת מזמורי אביב,
7,ג,מוש הגיע תודה לאמא,,
7,ג,משה גיאת ,שירת הזמיר,
7,ג,משה גיאת ,השקיני יין בליווי מקהלת מזמורי אביב,
7,ג,משה גיאת ,בטוב וברע,
7,ג,משה גיאת ,פעמון זהב,
7,ג,משה גיאת ,חלומות,
7,ג,רביב גזית,זה,
7,ג,גזוז ,גלגל שני,
7,ג,גזוז ,,
7,ג,אלי גורנשטיין ,על עץ התות בשירי ילדות,
7,ג,עדנה גורן,התחדשות,
7,ג,עדנה גורן,שירי ברט בכרך ואחרים,
7,ג,עדנה גורן,כי מדברות עינייך,
7,ג,מני גורמן ,החצוצרה של מני גורמן,
7,ג,ישראל גוריון ,עומד לי על קצה הלשון בשירים גסים,
7,ג,ישראל גוריון ,ישראפון,
7,ג,ישראל גוריון ,ישראל גוריון שר,
7,ג,ישראל גוריון ,אמא אורי רוצה קצת מים,
7,ג,שרה גורבי ,עם תזמורת קול ישראל ומקהלת קול ציון לגולה ביידיש,
7,ג,שרה גורבי ,מלודיז אוף ישראל,
7,ג,ג'וסי אנד היז בנד אט דה דן הוטל,,
7,ג,סנדרה ג'ונסון סשה ארגוב שירים חדשים ,,
7,ג,יוסף גולנד ,שר בשלוש שפות,
7,ג,ציון גולן ,הטעם התימני במחזורת להיטים בתימנית ,
7,ג,ציון גולן ,חביב גלבי להיטי תימן ,מספר 6
7,ג,ציון גולן ,נעלה נעלה,
7,ג,ציון גולן ,חביב גלבי להיטי תימן ,מספר 4
7,ג,ציון גולן ,חביב גלבי להיטי תימן ,מספר 3
7,ג,ציון גולן ,חביב גלבי להיטי תימן ,מספר 2
7,ג,ציון גולן ,חביב גלבי להיטי תימן ,מספר 1
7,ג,גוליבר בארץ הגמדים,,
7,ג,חנן גולדבלט, משירי ז'ילבר בקו,
7,ג,חנן גולדבלט,צד אחר,
7,ג,אליהו גולדנברג,שי חנוכה,
7,ג,שמואל גוגול וילדיו, הרמוניקה בנד ,
7,ג,גדי גוב,תנו לגדול בשקט,
7,ג,גדי גוב,אין עוד יום,
7,ג,גדי גוב,אין עוד יום,מהדורה חדשה
7,ג,גדי גוב,דרך ארץ ההופעה צוותא 20.5.88,שדרים
7,ג,גדי גוב,דרך ארץ,
7,ג,גדי גוב,1.670833333,
7,ג,גדי גוב,תקליט ראשון,
7,ג,גדי גוב,תקליט ראשון,מהדורה חדשה
7,ג,אבנר גדסי,דף חדש,
7,ג,אבנר גדסי,,
7,ג,אבנר גדסי,12 להיטי זהב,
7,ג,אבנר גדסי,מנגן ושר,
7,ג,אבנר גדסי,מדליק,
7,ג,אביב גדג' ,שרף אורנים,
7,ג,שלום גד והיהלומים,הכל חדש,
7,ג,שלום גד ,סוף המדבר,
7,ג,מיקי גבריאלוב,אבנים,
7,ג,מיקי גבריאלוב,אגדת גבריאלוב,
7,ג,מיקי גבריאלוב,,
7,ג,גבירתי הנאווה,עם ריטה,
7,ג,גבירתי הנאווה ,עם רבקה רז,
7,ג,גבירתי הנאווה ,עם רבקה רז,עם חתימה
7,ג,ראובן גדולוב ,טיפול שורש,
7,ג,גבעתיים רק בת 65,,
7,ג,גבעת חלפון אינה עונה ,פסקול הסרט,
7,ג,הגבעתרון,,תקליט שדרים
7,ג,הגבעתון ,שירי נעמי שמר אחר הקציר,
7,ג,הגבעתון ,שרים מחוף לחוף,
7,ג,הגבעתון ,רחוק רחוק,
7,ג,הגבעתון ,שירי הנוער העובד והלומד ערב יובל ה50 של התנועה,
7,ג,הגבעתון ,גוונים,
7,ג,הגבעתון ,בעמק שלו,
7,ג,עליזה גבאי, ישראל טופ ווקאליסט,
7,ג,עליזה גבאי ,במקצבים חדשים,
7,ג,עליזה גבאי ,מיי וורד אוף סונגס,
7,ג,אבנר גנאם ,בלי גג,
7,ג,אבנר גנאם ,הולך לבד,
7,ג,ג'אמבו מיוזיקל,,
7,ג,אברהם גולדפאדען, השירים מהאופרטות של גולדפאדען,
7,ג,גאלדענע לידער,,
8,ג,גאולה גיל ,דה הול וורלד דנסרס,
8,ג,גאולה גיל פיצרים אנד אורנים צבר שלום,שלום,
8,ג,גאולה גיל אנד אורנים צבר, און דה רוד טו אילת,
8,ג,גאולה גיל אנד אורנים צבר ,אראונד דה קמפפייר,
8,ג,גאולה גיל אורנים צבר ,א טאון הול קונצרט,
8,ג,גאולה גיל אנד אורנים צבר,הורה,
8,ג,גאולה גיל אנד אורנים צבר ,אראונד דה קמפפייר2,
8,ג,גאולה גיל ,אנד תיאודור ביקל פולקס סונג פרום גסט אבאוט אבריוור,
8,ג,גיל האהבה, יהורם טהר לב ,
8,ג,ג'ינג'יות,,
8,ג,נירה גל,זה הזמן,
8,ג,נירה גל,עוד חוזר הניגון,
8,ג,ריקי גל,,
8,ג,ריקי גל,מה זאת אהבה,
8,ג,ריקי גל,תן לי מקום,סינגל
8,ג,ריקי גל,חסידיקו פיבר,
8,ג,שימי גל ,בואי הביתה,
8,ג,שימי גל ,גן נעול,
8,ג,הגל הירוק ,תן לעולם להסתובב,
8,ג,עודד גלאי,חשיפה,
8,ג,אופירה גלוסקה ,נמרוד טנא שירים לליהי,
8,ג,גלגולו של ניגון,,
8,ג,גליצו יוצא לנדוד בדרכים,,
8,ג,מוטי גלעדי,מוטי גלעדי שר,
8,ג,אורי גלר,,
8,ג,נורית גלרון,סימפטיה,
8,ג,נורית גלרון,,
8,ג,נורית גלרון,אני ראיתי יופי,
8,ג,נורית גלרון,משהו בלבבה,
8,ג,נורית גלרון,שירים באמצע הלילה,
8,ג,נורית גלרון,בהופעה חיה,
8,ג,נורית גלרון,נגיעה אחת רכה,
8,ג,נורית גלרון,משהו בלבבה,הופעה
8,ג,נורית גלרון,אחרינו המבול,
8,ג,נורית גלרון,אמיל,
8,ג,יהודה גמליאל ,רולטה,
8,ג,גמר גביע ,אין מנצחים במשחק הזה,
8,ג,להקת גן עדן,,
8,ג,להקת גן עדן,בואו נרוץ,סינגל
8,ג,ג'נגו,פזבז,
8,ג,ג'נגו,בתוך הרגע,
8,ג,ג'נגו,מאה שקלים אחרונים,
8,ג,ג'נגו,פירסט וואן,
8,ג,ג'נגו,אנשים במים,
8,ג,ג'נגו,קרח בעיניים,
8,ג,געדענק זכור רימבמר,,
8,ג,אביב גפן,תמונה,
8,ג,אביב גפן,זה רק אור הירח,
8,ג,אביב גפן והתעויוט ,לילות לבנים,
8,ג,אביב גפן,המכתב,
8,ג,אביב גפן והתעויוט ,עכשיו מעונן,
8,ג,אביב גפן והתעויוט ,3,
8,ג,אביב גפן והתעויוט ,שום מקום,
8,ג,אביב גפן והתעויוט ,יומן מסע,
8,ג,אביב גפן והתעויוט ,בלק אנד וויט,
8,ג,אביב גפן והתעויוט ,בוכה על הקבר,סינגל
8,ג, ג'רי גרבל ,רגאי אוף ג'רוזלם,
8,ג,ג'רי רגבל ,בדרך לירושלים,
8,ג,שלמה גרוניך ,למה לא סיפרת לי,
8,ג,שלמה גרוניך ,למה לא סיפרת לי,מהדורה חדשה
8,ג,שלמה גרוניך ,נדודי שינה,
8,ג,גרופי,שירים מהסרט,
8,ג,טובה גרטנר ,כת תום,
8,ג,טובה גרטנר ,כת תום,מהדורה חדשה
8,ג,טובה גרטנר ,אם מלאכים,
8,ג,בוקי גרינברג,הבחירה של בוקי גרינברג,
8,ג,ניסים גרמה ,המזרח הקרוב לליבי,
8,ג,ניסים גרמה ,טוב לי,
8,ג,ניסים גרמה ,היית שלי,
8,ג,ניסים גרמה ,להיות כוכב,
8,ג,ניסים גרמה ,מי אנחנו מה אנחנו,
8,ג,דני גרנות,,
8,ג,דני גרנות,עם עמנואל קרנון אלי נחום שקיעות נשים וכל השאר,
8,ג,דני גרנות,קרן אור,
8,ג,דני גרנות,בראש צלול,
8,ג,דני גרנות,רדיו אקטיבי,
8,ג,רפי גרנות ,ילדה מה שמך דני גרנות שר,
8,ג,גרציה,,
8,ג,גרציה,,מהדורה חדשה
8,ג,החזן חיים גרינצ'פן ,בחוכמה פותח,
8,ג,ניקוס גרקוס ,אופס איסה אילה,
8,ג,לריסה גרשטיין ,שירים ורומנסות,
8,ג,לריסה גרשטיין ,משירי בולט אוקוצ'בה,
8,ג,שלישיית גשר הירקון,אהבה ראשונה,
8,ג,שלישיית גשר הירקון,התכנית החדשה,
8,ג,שלישיית גשר הירקון,באנגלית,
8,ג,הגשש החיוור ,במועדון הסנטר הכפול,מספר 1
8,ג,הגשש החיוור ,במועדון הסנטר הכפול,מספר 2
8,ג,הגשש החיוור ,במועדון הסנטר הכפול,מספר 3
8,ג,הגשש החיוור ,מיטב מערכונים,
8,ג,הגשש החיוור ,תכנית ג סין עם הגשש,
8,ג, הגשש החיוור ,סין עם הגשש פזמונים ומערכונים,
8,ג, הגשש החיוור ,מים לדוד המלך,
8,ג, הגשש החיוור ,קנטטה לשווארמה,
9,ג, הגשש החיוור ,קנטטה לשווארמה,תקליט שלישי מההצגה
9,ג, הגשש החיוור ,קנטטה לשווארמה,תקליט א
9,ג, הגשש החיוור ,בשירי נעמי שמר,
9,ג, הגשש החיוור ,בשירי נעמי שמר,המקורי
9,ג,הגשש החיוור ,בשירותרום 1984 הלאה,
9,ג,הגשש החיוור ,לחוזרים הידד ,סינגל יהונתן גפן
9,ג,הגשש החיוור, בעבור חוקן דולרים ,חלק א
9,ג,הגשש החיוור, בעבור חוקן דולרים ,חלק ב
9,ג,הגשש החיוור, בעבור חוקן דולרים ,חלק ג
9,ג,הגשש החיוור ,,
9,ג,הגשש החיוור ,בתכנית כוסות רוח ,(כחול) תקליט ראשון
9,ג,הגשש החיוור ,בתכנית כוסות רוח ,(אדום) תקליט שני
9,ג,הגשש החיוור ,אוף סייד סטורי,חלק א
9,ג,הגשש החיוור ,אוף סייד סטורי,חלק ב
9,ג,הגשש החיוור ,עובדים עלינו עבודה עברית ,חלק א
9,ג,הגשש החיוור ,עובדים עלינו עבודה עברית ,חלק ב
9,ג,הגשש החיוור ,קרקר נגד קרקר,חלק א
9,ג,הגשש החיוור ,קרקר נגד קרקר,חלק ב
9,ג,הגשש החיוור ,אף אחד לא קם,
9,ג,הגשש החיוור , 5 תקליטים מכל טוב,קופסא
9,ד,דוד דאור,,
9,ד,דאס געזאנג פון מיין הארץ,,
9,ד,לואיס דנטו ,סלוט ישראל,
9,ד,דבקה ישראלי פולקס דנסרס,,
9,ד,דבר מצחיק קרה לי בדרך לסואץ,,
9,ד,נתניה דברת ,סינג יידיש סונגס פולקס,
9,ד,נתניה דברת ,ביהולד דו ארט פייר,
9,ד,נתניה דברת ,סינגס פולק סונגס אוף רשייה,
9,ד,הדבורה מאיה,,
9,ד,הדבורה מאיה ,הביצוע המקורי ,תקליט מס 2
9,ד,הדג נחש ,המכונה של הגרוב,
9,ד,הדג נחש ,קמתי לזוז,
9,ד,מוטקה דגן ,פולקור דה ישראל,
9,ד,מוטקה דגן ,שלום,
9,ד,צילה דגן ,הראשון,
9,ד,צילה דגן, ולא היה בנינו אלא זוהר,
9,ד,עידו דגני ,כמו אגדה,
9,ד,לאה דגנית ,סונגס אוף ישראל,
9,ד,לאה דגנית ,בשיר ובזמר,
9,ד,יגאל דה בוטון ,נקודת רוק,
9,ד,יגאל דה בוטון ,,תקליט שדרים
9,ד,יגאל דה בוטון ,חשיפה,מספר 2
9,ד,גל דה פז ,וורי טאט,
9,ד,מגן דהרי ,אני הולך אלייך,
9,ד,דה דו דו דו,,
9,ד,דואל ,מקום מסוים,
9,ד,הדודאים,הראשון,
9,ד,הדודאים,סדרה 2,
9,ד,הדודאים ,לס דודאים שנס דה ישראל,
9,ד,הדודאים ,שיירת הרוכבים גדול,
9,ד,הדודאים ,עכשיו,
9,ד,הדודאים ,לזה לא אותו הבית,
9,ד,הדודאים ,הם רוכבים ושרים בעיבוד מתי כספי,
9,ד,הדודאים ,מנגינה נשכחת,
9,ד,הדודאים ,עשור לדודאים,
9,ד,הדודאים , אימפקו איבנז חמש אחר הצהריים,
9,ד,הדודאים ,סיור עם הדודאים,
9,ד,הדודאים ,צריך לשמור על כושר,
9,ד,הדודאים ,עשן,
9,ד,הדודאים ,שלושים שנים לדודאים,
9,ד,הדודאים ,פרברים,
9,ד,הדודאים ,דבר אליי בפרחים,
9,ד,הדודאים ,קנטוס דה ישראל לוס דודאים,
9,ד,הדודאים ,דה דודאים סוגס אוף ישראל,
9,ד,הדודאים ,דה דודאים בן אנד אדם,
9,ד,הדודאים ,ישראל,
9,ד,הדודאים, ישראל וויג אוטור דה מונדו,
9,ד,הדודאים ,ישראל צרפתית צילום מדבר,
9,ד,הדודאים ,ישראל ישראל,
9,ד,הדודאים ,קנסיונס דה ישראל ספרדית,
9,ד,הדודאים ,פיימוס ישראליין פולקסונגס,
9,ד,הדודאים ,סוסי הפרא ,סינגל
9,ד,דודה,,
9,ד,דודה,שקט שקט,סינגל
9,ד,דודה,אלף כבאים,סינגל
9,ד,דודו השמן ,מחזמר מהווי הנוער,
9,ד,מרטין דוידזון ,שירים שלימדתי את אימי,
9,ד,מרטין דוידזון ,סול רייטס,
9,ד,ארכדי דוכין ,רוצה יהיה שירי ויסוצקי,
9,ד,ארכדי דוכין ,שקי אגרוף,
9,ד,משה נוי ולהקת הדולפינים,,
9,ד,מאיה דוניץ פרידה דולפין,,
9,ד,הרפתקאות קוטור דוליטל,,
9,ד,דוקטור דוליטל ,באפריקה,
9,ד,דוקטור דוליטל ,שירים מהסרט,
9,ד,דורית ולהקת אז אולי,,
9,ד,דורלה סדלקס ,דום,
9,ד,דורלה סדלקס ,בלי עין רעה,
9,ד,דורלה סדלקס ,חורבן בית שלישי,
9,ד,דורלה סדלקס ,שיר הגיבן,
9,ד,דיויד ברוזה ויונתן גפן,,
9,ד,דודו דור ,ראש בראש,
9,ד,דודו דותן ,בהופעה פומבית,
9,ד,דודו דותן ,בצוותא,
9,ד,דודו דותן ,שר ומספר לילדים,
9,ד,דודו דותן ,בהופעה פומבית מחכים לדודו,
9,ד,דודו דותן ,לשיר זה כמו להיות זמר,
9,ד,דודו דותן ,בהופעה פומבית תכנית חדשה,
9,ד,דודו דותן ,בעוד אגדות מבולבלות,
9,ד,דודו דותן ,מסיבת יום הולדת,
9,ד,דודו דותן ,אגדות מבולבלות שמספר דודו דותן,
9,ד,עירית דותן ,כרטיס ביקור,
9,ד,עירית דותן ,השעות היפות ביותר,
9,ד,עירית דותן ,ויעקב הולנדר,
9,ד,עירית דותן ,הולכים לנדנדות,
10,ד,שלמה דחיאני ,מבחן שירים תימנים,
10,ד,הדחליל סבא אליעזר והגזר,,
10,ד,הדיבוק ,מחזה הבימה,
10,ד,דיוואן ספרדי,,
10,ד,דיוואן יהודי תימן,,
10,ד,דיוואן יהודי ספרד,,
10,ד,דיזינגוף 99,דיסקו,
10,ד,דיזינגוף 99 ,מהדורה חדשה תקליט משולש,
10,ד,דיזינגוף 99 המקורי,המקורי,
10,ד,משה דיין ,היום השביעי,
10,ד,תיקי דיין ,פגישה מחודשת עם שירי גילברט אוסליבן,
10,ד,מוטי דיכנה ,עד ראיה,
10,ד,מוטי דיכנה ,עד שניפרד,
10,ד,דין,,
10,ד,דה דיינמייטס,,
10,ד,וולט דיסני ,התרנגול והנמלה,
10,ד,וולט דיסני ,פיטר פן,
10,ד,וולט דיסני ,פינוקיו,
10,ד,וולט דיסני ,חתולים בצמרת,
10,ד,וולט דיסני ,סינדרלה ושלגיה,
10,ד,וולט דיסני ,הקוסם מארץ עוץ,
10,ד,וולט דיסני ,ברנרד וביאנקה,
10,ד,וולט דיסני ,דמבו,
10,ד,וולט דיסני ,קומפוזיטורים מפורסמים,
10,ד,וולט דיסני ,אופרות מפורסמות,
10,ד,וולט דיסני ,החור השחור,
10,ד,וולט דיסני ,המיטה המעופפת ופו הדוב מחפש את הציר הצפוני,
10,ד,וולט דיסני ,דיסקו תוצרת הארץ,
10,ד,וולט דיסני ,דיסקו תוצרת הארץ,עטיפה עם גמל
10,ד,דיר יאסין דיסקוגרפי,,
10,ד,יאיר דלאל ,עלעול,
10,ד,יאיר דלאל ,אנד דה לובו בלוז בנד,
10,ד,דליה ואלי והתוכי המתנדנד,,
10,ד,דליק מתכנית הטלוויזיה זהו זה,,
10,ד,סעדיה דמארי ,מספר ושר,
10,ד,שושנה דמארי ,שנס דה ישראל,
10,ד,שושנה דמארי ,הורה ממטרה,
10,ד,שושנה דמארי ,שולמית,
10,ד,שושנה דמארי ,מגדלור,
10,ד,שושנה דמארי ,בהופעה חיה 1980,
10,ד,שושנה דמארי ,ישראל פולקסונגס,
10,ד,שושנה דמארי ,שירי עם לוחם,
10,ד,שושנה דמארי ,שושנה,
10,ד,שושנה דמארי ,שנס דה ישראל,2
10,ד,שושנה דמארי ,שנס דה ישראל משה וילנסקי,
10,ד,שושנה דמארי ,כלניות ,אנגלית
10,ד,שושנה דמארי ,רקורדינגס פור דה קונסיור,
10,ד,שושנה דמארי ,שנס אוף ישראל,1
10,ד,שושנה דמארי ,עם אליקום צוזנר,
10,ד,שושנה דמארי ,שושנה,
10,ד,שושנה דמארי ,חיפה אין היי פיי,
10,ד,שושנה דמארי ,אור,
10,ד,שושנה דמארי ,עוד הולכת אלייך,סינגל
10,ד,שושנה דמארי ,שובי בת ירושלים,סינגל
10,ד,שושנה דמארי ,רומנטיקס סונגס,10 אינץ׳
10,ד,שושנה דמארי ,ישראלי פייבוריטס,10 אינץ׳
10,ד,שושנה דמארי ,קול ישראל,10 אינץ׳
10,ד,שושנה דמארי ,פניני המזרח,10 אינץ׳
10,ד,שושנה דמארי ,שירי מולדת,10 אינץ׳
10,ד,שושנה דמארי ,בליווי תזמורת ומקהלת ירושלים,10 אינץ׳
10,ד,שושנה דמארי ,בליווי תזמורת הד ארצי ומקהלה,10 אינץ׳
10,ד,שושנה דמארי ,שירים מובחרים ,ציור חמור 10 אינץ'
10,ד,שושנה דמארי ,שירים אהובים עליך ,10 אינץ׳
10,ד,שושנה דמארי ,שרה שירים בלדות ופזמונים מאת משה וילנסקי ,10 אינץ׳
10,ד,שושנה דמארי ,ביתי שלי,10 אינץ׳
10,ד,אבי דן ,נתיב חיי,
10,ד,אבנר דן ,צחוק מקיר לקיר,
10,ד,אבנר דן ,פרסי אחד,
10,ד,אבנר דן ,בהופעה פומבית,
10,ד,אבנר דן ,צלילי המברשת,
10,ד,יואל דן ,אנד היז טריו,
10,ד,יעקב דן ,פור יו,
10,ד,יעקב דן ,,
10,ד,משה דנבורג ,וקרב בזורינו א,
10,ד,רמי דנוך ,כפיים,
10,ד,רמי דנוך ,אהבת הנווד,
10,ד,אלונה דניאל ,מסיבה במרתף הארמון,
10,ד,אורנה ומשה דץ ,בדרכי האהבה,
10,ד,אורנה ומשה דץ ,באותה המיטה,
10,ד,דפנה דקל,,
10,ד,דקלון,מורי,
10,ד,דקלון,חפלה,
10,ד,דקלון,זמר במשעולי הארץ,חלק א
10,ד,דקלון,זמר במשעולי הארץ,חלק ב
10,ד,דקלון,יוצא לדרך,
10,ד,דרכי כוכבים ,התקליט הראשון,
10,ד,דש עם שיר,,
10,ד,דש עם שיר,,עברי 1
10,ד,דש עם שיר,,עברי 2
10,ד,דש עם שיר,,עברי 3
10,ד,אגדת דשא,,
11,ה,דוד ויהודית הס,ישמחו השמיים,
11,ה,הבאנו שלום עליכם ,תקליט חגיגי של שירי שלום,
11,ה,הבאנו שלום עליכם ,מזכרות משיראל,
11,ה,הבה נגילה ,פולקלור ישראלי,
11,ה,הבה נגילה ,צמד האמירים,
11,ה,הבה נצא במחול ובזמר,,
11,ה,הבה נרקודה עם אפי נצר וחבורתו,,מספר 1
11,ה,הבה נרקודה עם אפי נצר וחבורתו,,מספר 2
11,ה,הבה נרקודה עם אפי נצר וחבורתו,,מספר 3
11,ה,הבה ונרקודה ,,מספר 4
11,ה,הבה נשיר עם פלטורס,,
11,ה,הגדה של פסח ,עם סמי אלמגריבי,
11,ה,הגדה של פסח ,בבית תימני ב1953,
11,ה,אביבה הד ,בשירים למי שאינו מאמין וצרות קטנות,
11,ה,אביבה הד ,האישה האחרת,
11,ה,אביבה הד ,אני אוהבת רק לרקוד,
11,ה,אביבה הד ,אמא לא זורקת כלום,
11,ה,איתן הדר ,איש הלבנה,
11,ה,איתן הדר ,פרוגקט מיוזיק טו לאב,
11,ה,הוא הלך בשדרות ,פסקול הסרט,
11,ה,שמעון הולי ,הירוק בוב מרלי,
11,ה,שמעון הולי ,ינשוף הכחול,
11,ה,הופה היי ,לילוש,
11,ה,הופה היי ,מתוך סדרת הטלויזיה לילדים תזמורת של ממש,
11,ה,הופה היי ,כמו צועני,
11,ה,הופה היי ,אנחנו נשארים בארץ,
11,ה,הוי ארצי מולדתי, מתוך דורמי ומי עוד,
11,ה,הווי ובידור יונתן גפן שלמה גרוניק,,
11,ה,הורה HORA,,
11,ה,סטפן הורנשטיין ירושלים 1985,,
11,ה,האח! ראשון לציון מופע 100,,
11,ה,הידד לצעירים,,
11,ה,היו היו זמנים ,,תקליט 1
11,ה,היו היו זמנים ,,תקליט 2
11,ה,היו היו אי פעם ,תזמורת ההקלטות של רשות השידור,
11,ה,היידי בת ההרים,,
11,ה,נחום היימן,משירי נחום היימן,
11,ה,נחום היימן,קרלוס מרנדה מנגן נחום היימן,
11,ה,נחום היימן,לשנה טובה להקת חופים משירי נחום היימן,
11,ה,נחום היימן,הדברים שאוהבים משירי נחום היימן,
11,ה,נחום היימן,העונה החמישית נעימות הזהב של נחום היימן,
11,ה,נחום היימן,נחום היימן נחצ'ה 1988,
11,ה,נחום היימן,שירי נחום היימן לשדרנים בלבד למילים של נתן אלטרמן ונתן יונתן,שדרנים בלבד
11,ה,נחום היימן,נחום היימן 1977,
11,ה,נחום היימן,נחום היימן ריקודי עם ישראלי צרפתי,
11,ה,נחום היימן,נחום היימן ריקודי עם ישראלי בעברית,
11,ה,נחום היימן,נחום היימן צרפתית,
11,ה,סי היימן ולהקה מקומית ,עובדים בכביש,
11,ה,סי היימן להקה מקומית ,תקליט שני,
11,ה,סי היימן להקה מקומית ,פסטיגל 1988 את לא לבד,
11,ה,היכל החלומות,,
11,ה,נורית הירש ,זמר שכזה,
11,ה,הישאם קצב משגע,,
11,ה,הלו דולי ,,
11,ה,הלו ישראל,,
11,ה,הלוך הלכה החבריה ,,
11,ה,הלוך הלכה החבריה ,,ירוק
11,ה,הלוך הלכה החבריה,1976,
11,ה,הכל עובר חביבי ,נחיה ונראה,
11,ה,הכל עובר חביבי ,שירים,
11,ה,הכל עובר חביבי ,הכל לא עובר חביבי,
11,ה,הכל עובר חביבי ,להיטי שנות ה-50,
11,ה,הכל עובר חביבי ,דור האספרסו,
11,ה,הכל עובר חביבי ,עודני ילד,
11,ה,הכל עובר חביבי ,שירים שמחוץ להצגה,
11,ה,משה הילל ,סניוריטה,
11,ה,משה הילל ,שלושה יונים,
11,ה,שלום הלל ,להיטי המזרח,
11,ה,שירי ע הלל,דודי שמחה משירי וסיפורי ע הלל,
11,ה,שירי ע הלל,,
11,ה,הלל ואביבה ,הקלטה פומבית בטיים הול ניו יורק,
11,ה,הלל ואביבה ,נייט און דה דזרט,
11,ה,הלל ואביבה ,שירים ישראלים,
11,ה,הללויה,,
11,ה,נחמה הנדל ,שרה שירים של אז ושל עכשיו,
11,ה,נחמה הנדל ,שירי ביאליק,
11,ה,נחמה הנדל ,שירת הנודד,
11,ה,נחמה הנדל ,בחן הירושלמי כחול,
11,ה,נחמה הנדל ,בחן הירושלמי כחול וחום,
11,ה,הינה מה טוב,,
11,ה,שולי הרולד,,
11,ה,איציק הרוש,,תקליט שדרים מספר 2
11,ה,הרפתקה בקרקס,,
11,ה,הרפתקות דני דין הרואה ואינו נראה,,
11,ה,הפתקאות אצבעוני,,
11,ה,חיים הרצוג ,מתוך שיחותיו בקול ישראל בימי הכוננות ובמלחמת שש הימים,
11,ה,חיים הרצוג ,באום החלטה בנוגע לגזענות 1975,
11,ה,יעקוב הרצוג ,the herzog toynbee debate,
11,ה,כוכבה הררי ,שוב הגעתי,
11,ה,כוכבה הררי ,מבחר שירים,
11,ה,הרשלה סרט,,
11,ה,התעמלות מיוחדת לבריאות ויופי,,
11,ה,התרגעות נעימות ישראליות,,
11,ה,התשה תאטרוק,,
12,ו,וייב איש איזה מזל,איזה מזל,
12,ו,חיים ויצמן, אבא אבן מגיש מסכת קולית לזכר נשיאה הראשון של מדינת ישראל,
12,ו,ג'קי וולש ,מייבי טודיי,
12,ו,ג'קי וולש ,בבוא היום,
12,ו,ג'קי וולש ,ופמלה ספרינגפילד קרוס רואודס בהופעה באוניה,
12,ו,וזאת לאות ולסימן מועדון חמשת האותות,,
12,ו,בן ציון ויטלר לאמיר אלה פרייליק זיין,,
12,ו,משה וילנסקי, השירים הנפלאים של משה וילנסקי,
12,ו,משה וילנסקי ,זר כלניות למשה וילנסקי,
12,ו,רבי משה ויצמן,לב טהור מאת המלחין החסידי רבי משה ויצמן,
12,ו,ונזכור את כלום,,
12,ו,שמחה וסלי ,גם וגם,
12,ו,ועדת חריגים ,לטבוע כמו אבן,
12,ו,ועדת חריגים ,דה וורלד איז וול לוסט,
12,ו,ושמחת בחגך ,שירים חג ומועד,
12,ו,וסרמן יהודה ,למען אחי,
12,ז,זאונד אהבה נכזבת,,
12,ז,זאן קונפליקט,,
12,ז,זאן קונפליקט ,,מהדורה חדשה
12,ז,זאן קונפליקט ,אהבה בבומביי,
12,ז,זאב ז'בוטינסקי,ז'בוטינסקי משירי זאב ז'בוטינסקי,
12,ז,זאב ז'בוטינסקי,עיר שלום משירי זאב ז'בוטינסקי,
12,ז,זבולון דאב סיסטם,,
12,ז,זבולון דאב סיסטם ,anbessa sub,
12,ז,אוריגינל רוטס פוליטישן,,
12,ז,זה הכל בנתיים,,
12,ז,בנתיים זה הכל,,
12,ז,זה הכל בנתיים,האיש שבקיר,סינגל
12,ז,דוד זהבי,משירי דוד זהבי שלא יגמר לעולם,
12,ז,דוד זהבי,יש מקום בעדן שירי דוד זהבי לילדים,
12,ז,דוד זהבי,יש מקום בעדן שירי דוד זהבי לילדים ,עטיפת שדרים
12,ז,זהבית חלומות,חלומות,
12,ז,זהבית, בשירי ארץ ישראל,
12,ז,זהו זה, שירים מתוך תוכנית הטלויזיה אמא שלי תמיד רצתה שהבן שלה יהיה בטלויזיה,
12,ז,זהו זה ,שירים מהתוכנית כאן 11,
12,ז,עלמה זהר ,פלא,
12,ז,רבקה זהר ,רבי עקיבא,
12,ז,רבקה זהר ,שסבתא רבקה,
12,ז,רבקה זהר ,הבריאה,
12,ז,זהו בידור,,
12,ז,ישראל זהר ,כזהר הרקיעה,
12,ז,זוויות ,ג'ז ירושלמי,
12,ז,אורה זיתנר ,סשה ארגוב מנגן משיריו,
12,ז,אורה זיתנר ,סשה ארגוב תקליט שני,
12,ז,אורה זיתנר ,שיר חליל וגדי נחמד,
12,ז,אריאל זלבר ,האלבום הראשון,
12,ז,אריאל זלבר ,להקת ברוש,
12,ז,אריאל זלבר ,בה דה די דיאה,
12,ז,אריאל זלבר ,מלירד סינים,סינגל
12,ז,אריאל זלבר, בחברה להגנת הטבע ,סינגל
12,ז,אריאל זלבר ,הינה אנו המיואשים ,סינגל
12,ז,מנחם זילברמן ,עומד מול הארון,
12,ז,אורלי זילברשץ ,הקברט של מירנדה,
12,ז,זינגלה פיס,,
12,ז,זינגלה פיס ,,מהדורה שניה
12,ז,זינגלה ,,השנים האבודות
12,ז,דודו זכאי ,מישהו בה ואמר,
12,ז,דודו זכאי ,בשדה התלתן,
12,ז,דודו זכאי ,רוצה עוד משהו לומר,
12,ז,דודו זכאי ,וילד דליה איך עושים קיבוץ,
12,ז,הזמיר ,מחזמר לילדים ונוער,
12,ז,עודד זמיר ,בא לי לראות אותך,
12,ז,עודד וזהר זמיר ,אהבה שכזאת,
12,ז,הזמנים האלה שייקה אופיר ויפה ירקוני,,
12,ז,זמרי החוף ,כל העיר מרכלת עלינו,
12,ז,זמרי מטה אשר ,במנחת שירים,
12,ז,זמרי מטה אשר ,בעגן הים התיכון,
12,ז,זמרי קאמרן ,שירי עדות ישראל,
12,ז,זעם ותהילה ,סרטו של אבי נשר,
12,ז,אבנר זקן ,בשיר ברדה,
12,ז,זקני צפת ,השכן,
12,ז,זקני צפת ,לא היו דברים מעולם,
12,ז,זקני צפת ,החיים היפים,
12,ז,ריקה זראי ,שרה שירים של יוחנן זראי,
12,ז,ריקה זראי ,שירים ישראלים,
12,ז,ריקה זראי ,בשירי נחום היימן,
12,ז,ריקה זראי ,באלומפייה,
12,ז,ריקה זראי ,אדום כחול ירוק,
12,ז,ריקה זראי ,בלאדס אוף ישראל,
12,ז,ריקה זראי , רקע דבר אל בני ישראל וישעו,צרפתית
12,ז,ריקה זראי ,בלונים,צרפתית
12,ז,ריקה זראי ,,פרוטרט צרפתית
12,ז,ריקה זראי ,,פרוטרט צבעוני צרפתית
12,ז,חיים זריהן, ילדתי שלי,
12,ז,חיים זריהן,חמסה,
12,ז,זריחה בישראל חבורת זמר רן עם צבי בן פורת,,
12,ז,זרבובים ,שירים מהטלויזיה ומההצגה,
12,ז,זרעים של מסטיק, מחזמר לילדים,
13,ח,חבורת הזמר ,שיר לי קשת בענן,
13,ח,חבורת הזמר ,שיר לי,
13,ח,חבורת הזמר ,שמן,
13,ח,חבורת רננים,שלוש רגלים,
13,ח,חבורת רננים,שם במקום ארזים,
13,ח,חבורת רננים,שבת שלום,
13,ח,חבורת רננים,צור משלו אכלנו,
13,ח,חביב אבי,,
13,ח,חביב שלמה,,
13,ח,חביב שלמה,רק בשירים,
13,ח,חביביו של פידלר לילדים,,
13,ח,חבצלת זאב,שירי חבצלת זאב,
13,ח,חבקין דרורה,שירי רחוב ,מספר 1
13,ח,חבקין דרורה,שירי רחוב ,מספר 2
13,ח,חבקין דרורה,נגמרה פתאום עוד מלחמה,
13,ח,חברייה ברווזיה,,
13,ח,החברים של נטשה,,
13,ח,החברים של נטשה,שינויים בהרגלי הצריכה,
13,ח,החברים של נטשה,הצילו ,סינגל
13,ח,החברים של נטשה,רדיו בלה בלה,
13,ח,החברים של נטשה,אל תתפשטי לי,
13,ח,חג לי,תקליט ראשון,
13,ח,חג לי,תקליט שני,
13,ח,חגיגה של דובי,,
13,ח,חגיגה של בובות,,
13,ח,דני חדד,לאהוב,
13,ח,חדוווה ודויד,ירושלים של זהב,
13,ח,חדווה ודויד ,צמד זמרי עם,
13,ח,חדווה ודויד,מדור לדור,
13,ח,חדווה ודויד,לארי אדלר,ספרדית
13,ח,חדווה ודויד ,עיבודים אלכס וייס,
13,ח,חדווה ודויד ,סינג יזראל,
13,ח,חדווה ודויד ,,
13,ח,חדווה ושלומיק,1971,
13,ח,חדי הקרן,העתיד נראה לי טוב,
13,ח,חולדה,מופע יובל החמישים,
13,ח,חולון,יובל החמישים,
13,ח,חולות נודדים,עשור להתיישבות בפתחת רפיח,
13,ח,חומה ומגדל,העיניים של המדינה ,סינגל
13,ח,חומסקה רגינה,בליווי תזמורת מקהלת ציון,
13,ח,חומר אפל,,
13,ח,חברים כותבים לחופני,,
13,ח,חושם,שום דבר,
13,ח,עפרה חזה,שיר השירים ושעשועים,
13,ח,,,
13,ח, עפרה חזה,פיתויים,
13,ח, עפרה חזה,בית חם,
13,ח, עפרה חזה,לילדים,
13,ח, עפרה חזה,על אהבות שלנו,
13,ח, עפרה חזה,אלבום הזהב,
13,ח, עפרה חזה,שירי מולדת,חלק א
13,ח, עפרה חזה,שירי מולדת,חלק ב
13,ח,עופרה,שירי מולדת,חלק ג
13,ח,עופרה,אם ננעלו פיקצר דיסק,
13,ח,עופרה,יאביי,
13,ח,עופרה,עופרה-יאמניי סונג מהדורה יפנית  עם המילים ביפנית,יפנית
13,ח,עופרה,יאנמניי לאב,
13,ח,עופרה, מיוזיק און ויניל vinil,
13,ח, חזיז haziz ,סופר טייגר,
13,ח,החזית הירושלמית,הרובע החמישי,
13,ח,חזרה כללית,מחזמר,
13,ח,ניצה חי,לך הארץ,
13,ח,ניצה חי,אני אצעד איתך,
13,ח,עוזי חיטמן,נולדתי לשלום,
13,ח,עוזי חיטמן,ליצן חצר,
13,ח,עוזי חיטמן,עפ להקת הפופולים,
13,ח,החייט ואשת הסנדלר,,
13,ח,חיידק במה,אין עם מי לדבר,
13,ח,חתם וכלה,,
13,ח,חכמי חלם,,
13,ח,חכמים בלילה,שירים,
13,ח,חכמים בלילה,מערכונים,
13,ח,חלב אב ,,
13,ח,חלב ודבש,מילק אנד האני,
13,ח,חלב ודבש,מספר 2,
13,ח,חלב ודבש,זהו זה,
13,ח,החלונות הגבוהים,,הדפסה ראשונה כולל פוסטר
13,ח,החלונות הגבוהים,,מהדורת 2014
13,ח,החלונות הגבוהים,,מהדורה ראשונה בלי פוסטר
13,ח,החלונות הגבוהים ,,מהדורה ראשונה עם פוסטר
13,ח,החלונות הגבוהים ,לונג דיסק תוצרת אנגליה,
13,ח,החלונות הגבוהים ,,כפול 2018
13,ח,בן עמי חלף,ימי זוהר,
13,ח,בן עמי חלף,תקווה וחלום,
13,ח,חמי שיר תקווה,,
13,ח,חמישיית גלבוע,שוב יוצא הזמר,
13,ח,חמישיית גלבוע ,ריקודי עם ישראליים,
13,ח,-חמישים שירים ועוד שיר-אברהם פררה,,
13,ח,נתי חממי,אהבת נעורים,
13,ח,נתי חממי,נוסע בשדותייך,
13,ח,חמסין,,
13,ח,חמסין ,שורפת את הלב,סינגל
13,ח,החמציצים,,
13,ח,חמש חמש ,הצגה עם תוכנייה,
13,ח,חמש חמש ,שירי הסרט,
13,ח,זמירה חן,לא הפכתי ליבי,
13,ח,זמירה חן ,חבורת רננים יונתי תמתי,
13,ח,רובי חן ,עודני שר,
13,ח,רובין חן ,שמחת חיים,
13,ח,רובין חן ,בקצב המנגינה,
13,ח,רובי חן ,הבוזוקי בידיים,
14,ח,שולה חן,שלכם,
14,ח,שולה חן,מהדורת 2021,
14,ח,שולה חן,בשירי ילדים,
14,ח,שלום חנוך,אדם בתוך עצמו,
14,ח,שלום חנוך,בהופעה חיה,
14,ח,צוותא ,77,
14,ח,שלום חנוך,shalom,
14,ח,שלום חנוך,shalom עטיפה נפתחת,
14,ח,שלום חנוך,חתונה לבנה,
14,ח,שלום חנוך,רומן אמיתי,
14,ח,שלום חנוך,רק בן אדם סינגל,
14,ח,שלום חנוך,רומן אמיתי סינגל,
14,ח,שלום חנוך,מחכים למשיח,
14,ח,שלום חנוך,על פני האדמה,
14,ח,שלום חנוך,שחרר אותי סינגל,
14,ח,שלום חנוך,רק בן אדם,
14,ח,שלום חנוך,חתונה לבנה+תוכניית ההופעה,
14,ח,שלום חנוך ,ערב ערב,
14,ח,חנוכה שמחה לילדים,,
14,ח,חנוכייה לי יש,,
14,ח,בחנוכה שירים נשיר,,
14,ח,חנות הקסמים,,
14,ח,חנות קטנה ומטריפה,,
14,ח,חסיד וחסד,,
14,ח,חאפלה של כוכבים,,
14,ח,חפלה של להיטים,1,
14,ח,חפלה של להיטים,2,
14,ח,חצאי קולות שירי משוררים,,
14,ח,קיבוץ חצור פזמונים לאורך הדרך,,
14,ח,חרדה -פנק,,
14,ח,חריפאי זהרירה לשיר תיאטרון,,
14,ח,החצר האחורית-אורי חתוכה-טוב לי בעולם,,
14,ח,חתול תעלול-ישראל גוריון ומירי אלוני,,
14,ח,חתונה בגן החיות,,
14,ח,חתונת הדמים עם תוכנייה,,
14,ח,צדוק חתוכה,וצדוק לכול,
14,ח,צדוק חתוקה ,הגשש השחור לעת זקנה,
14,ט,טאטו,,
14,ט,tatran shvat,,
14,ט,TATRAN FORESSEE,,
14,ט,TATRAN EVERMORE,,
14,ט,טברנק,רון בידור ילד הפלא,
14,ט,טברנק ,חוק השלוש,
14,ט,טברנק,מוריס אקדמי,
14,ט,טוב לאהוב תוכניתו של דן אלמגור,,
14,ט,הטוב הרע והנערה,,
14,ט,שושנה טובי בשירי חתונה תימניים,,
14,ט,אבי טולדנו,דויד קריבושה ותזמורתו,
14,ט,אבי טולדנו,סונג בי יזרעאל,
14,ט,אבי טולדנו,גן ערפילי,
14,ט,אבי טולדנו,סתם בן אדם,
14,ט,אבי טולדנו,מיטב שירי אבי טולדנו,
14,ט,אבי טולדנו,להבוהמה,
14,ט,אבי טולדנו,שיר סובב עולם,
14,ט,אבי טולדנו, בשירי עמים,
14,ט,אבי טולדנו,תרקדי את הלילה,
14,ט,אבי טולדנו,השירים היפים,
14,ט,אבי טולדנו,תעודת זהות,
14,ט,אבי טולדנו,צלע,
14,ט,ליהי טולדנו,מי אני חושבת שאני,
14,ט,טונה,גם זה יעבור,
14,ט,טונה,מזרח פרוע,
14,ט,טונה,פארק,
14,ט,טופול ,בשירי מלחמה,
14,ט,טופול,68,
14,ט,TOPOLS , ISRAEL,
14,ט,TOPOL ,THE JON MEKARTY,
14,ט,טופול ,עלילות בימבו באוטובוס,
14,ט,טופול,גוליבר,
14,ט,טופז דודו ,לקט מערכונים,
14,ט,דודו טופז,צורה לנו,
14,ט,דודו טופז,פליטת פה בלי חשבון,
14,ט,דודו טופז,ערב ספונטני מתוכנן,
14,ט,טופלה ,טוטוריטו שמואליק סגל,
14,ט,טיול במגדיר הצמחים לקט שירי חג וטבע,,
14,ט,הטיול הקטן שירי הילדים של נעמי שמר ואוריאל אופק,,
14,ט,טיול לדיסנילנד,,
14,ט,נינט טייב ,קמתי לרקוד,
14,ט,NINET PAPER PARACHUTE תקליט נדיר,,
14,ט,טיף וטף מספרים מסיפורי פילון מספר 1 ,,
14,ט,טיפקס ,החיים שלך בלאפה,
14,ט,טיפקס,עבודת כפיים,
14,ט,דויד טל,אקוס,
14,ט,מיכל טל,שמש לים שוקעת,
14,ט,מיכל טל,שיר פרידה מסיני סינגל ,
14,ט,מיכל טל ,ענן למכירה,
14,ט,סיוון טלמור,פייר לייב,
14,ט,טלא פלא,1,
14,ט,טלפלא ,1,
14,ט,טלפלא ,cbs,
15,ט,זאב טנא ,חתול שחור,
15,ט,זאב טנא ,טנא והזאב,
15,ט,זאב טנא,צעיר אני כבר לא אמות,
15,ט,זאב טנא,מקולקל,
15,ט, זאב טנא ,זאב זאב 86|300,
15,ט,טנא יהושוע,שירים לירושלים,
15,ט,טנגו סידור קבוע,,
15,ט,טנגו אמונה שלמה,,
15,ט,טננבוים ידין,החליל שלא נדם,
15,ט,דודו טסה והכוויתים,,
15,ט,דודו טסה והכוויתים ,עלא שויתי,
15,ט,דודו טסה ,אגרת אל הילדים,
15,ט,דודו טסה, גוני גרינבוד,
15,ט,טסי פאר, רדיו שטח,
15,ט,פאר טסי ,רדיו שטח 2,
15,ט,טריפונס,דירלהדדה,
15,ט,טריפונס,היידברה,
15,ט,טריפונס,טפדייה,
15,ט,טריפונס,טוטאפה,
15,ט,טריפונס,בארביאניס,
15,ט,טריפונס ואלון אולארציק,כולם כולם,
15,ט,טריפונס ,יחביבי יאללי,
15,ט,טרמפ למוות,,
15,י,יאיר,,
15,י,יאלו גילי,,
15,י,ייבי איש פשוט,,
15,י,ייבי מלב אל לב,,
15,י,שלישית היהלום השחור,,
15,י,יגור ביתי בחיק כרמל,,
15,י,גדי יגיל ,חיקיתי לך ארצי,
15,י,גדי יגיל ,חיי כלב,
15,י, גדי יגיל,תוכנית מספר 3,
15,י,ידיד נפש,מצעד זמירות חסידי,
15,י,רוני ידידיה ,למה לנו כול העניין הזה,
15,י,רוני ידידיה ,תמונות תל אביביות,
15,י,יהודה,,
15,י,יהודה המכבי קטעים נבחרים מתוך האורטוריה של הנדל,,
15,י,היהודים,מציאות נפרדת,
15,י,היהודים,סמי חופשי,
15,י,היהודונים,,
15,י,חנן יובל ,אני רואה אותנו כבר זקנים,
15,י,חנן יובל,אתם זוכרים את השירים,
15,י,חנן יובל,דור,
15,י,חנן יובל ,אמצע החיים,
15,י,חנן יובל,כשהיונים חוזרות,
15,י,חנן יובל,הכול דיבורים,
15,י,יום הולדת חג לי היום,,
15,י,יומנה של ישראלה,,
15,י,יונת שלום יונת האהבה,,
15,י,יוסי חזקי ,יונה,
15,י,נתן יונתן, שירים לאורך החוף,
15,י,יאיר יונה ,חרב,
15,י,יוסף וכותנות הפסים המשגעת,,
15,י,יוסף וכתונת הפסים המשגעת עם דני בסן,,
15,י,אופירה ורווית יוספי,,
15,י,אופירה יוספי,לא שחורה לא לבנה,
15,י,היחידה לטיפול נמרץ,,
15,י,היחידה לטיפול נמרץ מהדורה חדשה,,
15,י,יידוב שלמה הפעם הראשונה,,
15,י,שלמה יידוב,עכשיו הזמן,
15,י,שלמה יידוב,חולם בספרדית,
15,י,דער יידישער חולם,,
15,י,ליאור ייני,השלום שלי,
15,י,ליאור ייני,אליאור איתך תמיד,
15,י,ליאור ייני,תודה רבה,
15,י,ליאור ייני,תיאודורקיס,
15,י,ליאור ייני,קלינקה,
15,י,ליאור ייני,ויסוצקי,
15,י, יוסי בנאי ורבקה מיכאלי,ילדות קשה,
15,י,ילדות באה באש,,
15,י,ילדי הכרך,,
15,י,ילדי הכרך ,שמונה נפשות בחדר,
15,י,הים דוריוול קאימי,,
15,י,ימי בנימינה-פגישה עם אהוד מנור ושיריו,,
15,י,ימים נפלאים,,
15,י,ימים של קיץ,,
15,י,נילי ינאי,מספרת כיפה אדומה,
15,י,דודו יסמין, לולה יסמינה,
15,י,ששי יעיש ,אהבת אמת,
15,י,יעקובי מרים ,שרה נחום נרדי,
15,י,ירוסלב,מנגן חביבי,
15,י,ירוסלב  יעקובוביץ,,
15,י,ירוסלב יעקובוביץ ,,
15,י,יפתח המלוכלך,,
15,י,יואב יצחק,תני לי רגע,
15,י,יואב יצחק ,פתחי עינייך,
15,י,ישראל יצחקי,אידיש רומנטיקה,
15,י,ישראל יצחקי,זי וויל זיך שפילן,
15,י,ישראל יצחקי,געשאסו און געטראפן,
15,י,ישראל יצחקי,להיטי זהב,
16,י,ישראל יצחקי ,במבחר שירים ישראליים,
16,י,ישראל יצחקי ,צברית,
16,י,ישראל יצחקי ,הדייג והים,
16,י,ישראל יצחקי ,אהבתי הראשונה,
16,י,ישראל יצחקי ,שירת הנודד,
16,י,ישראל יצחקי ,מבחר שירי ליבי,
16,י,ישראל יצחקי ,סמדר,
16,י,יראון ,מבט על עצמינו,
16,י,ירדני נירה,שירי לאה גולדברג לילדים,
16,י,מירה ודודו ירדני,חתום בנשיקה,
16,י,יהוא ירון,נצח ושקר,
16,י,יהוא ירון,נגד השטן,
16,י,ירושלים עיר הנצח,,
16,י,ירושלים של זהב כול שירי מלחמת ששת הימים,,
16,י,ירושלים של זהב באנגלית,,
16,י,ירושלים של זהב,,
16,י,jerusalm of gold,,
16,י,ירושלים של זהב שירי מלחמת ששת הימים,,
16,י,ירושלים של ברזל,,
16,י,ירושלים לנצח אלי לנדאו,,
16,י,ירושלים song of jerusalem,,
16,י,ירושלים song of jerusalem,,
16,י,ירושלים שלי,,
16,י,jerusalem calling,,
16,י,stars for jerusalem,,
16,י,ירח בשמי גרנדה,,
16,י,אהרון ירימי ,צא מזה,
16,י,יפה ירקוני,ריקודי עם עם יפה ירקוני,
16,י,ריקודי עם עם יפה ירקוני\עטיפה אחרת,,
16,י,יפה ירקוני,שיר על עץ,
16,י,יפה ירקוני,שירי עם,
16,י,יפה ירקוני ,עם להקה קולית ואינסטרומנטלית ירושלים,
16,י,יפה ירקוני ,בשירי ילדים של נחום נרדי,
16,י,יפה ירקוני ,מהדורה אחרת,
16,י,יפה ירקוני ,בריקודי עם ושירי ילדים,
16,י,יפה ירקוני ,בליווי תזמורת,
16,י,יפה ירקוני ,משירי לוחמים,
16,י,יפה ירקוני ,בשירי חגים,
16,י,יפה ירקוני ,האשכול,
16,י,יפה ירקוני ,היה היו שני חברים,
16,י,יפה ירקוני,סיפורי ילדים,
16,י,יפה ירקוני,יזראלי היט סונג,
16,י,יפה ירקוני ,יזראלי היט סונג2,
16,י,יפה ירקוני,יזראלי היט סונג 3,
16,י,יפה ירקוני ,מאז ועד היום קופסת דיסקים,
16,י,יפה ירקוני והדודאים,,
16,י,יפה ירקוני,באבאלואד,
16,י,יפה ירקוני ,באב אל ואד מפעל ידיעות אחרונות,
16,י,יפה ירקוני," לצה""ל באהבה",
16,י,יפה ירקוני,כול היונים,
16,י,יפה ירקוני,הוא לא ידע את שמה,
16,י,יפה ירקוני,שירים רומנטיים,
16,י,יפה ירקוני,נרקודה,
16,י,יפה ירקוני,עם בני הנעורים,
16,י,יפה ירקוני ,אל נא תאמר לי שלום עטיפה ירוקה חתום,
16,י,יפה ירקוני ,אל נא תאמר לי שלום שחור,
16,י,יפה ירקוני ,רק אתמול,
16,י,יפה ירקוני ,שבחי קליה,
16,י,יפה ירקוני,לצלילי המזרח,
16,י,יפה ירקוני,במועדון המערה,
16,י,יפה ירקוני,שלושים שנה עם יפה ירקוני,
16,י,יפה ירקוני,עיניים ירוקות,
16,י,יפה ירקוני,בסלון בינתיים,
16,י,יפה ירקוני,שירים ונפלאות,
16,י,יפה ירקוני,שירי ילדים כבקשתך,
16,י,יפה ירקוני,לא תיכף היינו גדולים,
16,י,יפה ירקוני,עצור אבא שלי,
16,י,יפה ירקוני,מבחר שירי ילדים,
16,י,יפה ירקוני,חג שמח,
16,י,יפה ירקוני ,חג שמח בשירי חגים מהדורה בניצוח חנן וינטרנט,
16,י,יפה ירקוני ,ב16 שירים,
16,י,יפה ירקוני ,ב16 שירים באנגלית,
16,י,יפה ירקוני,מעשה נפלאות ב5 אחיות,
16,י,יפה ירקוני ,שרה ספרדית,
16,י,יפה ירקוני ,דגרדן אוף אלללה,
16,י,יפה ירקוני ,טנגוס ישראלי,
16,י,יפה ירקוני,רומניה רומניה,
16,י,יפה ירקוני ,רומניה רומניה עטיפה עם תוף מריים,
16,י,יפה ירקוני,canciones infantiles,
16,י,יפה ירקוני,אינטרנשיונל סונג קונקשין,
16,י,יפה ירקוני ,קנטה אן אספניול,
16,י,יפה ירקוני,gue hermosas,
16,י,יפה ירקוני,16 פליי סונג,
16,י,יפה ירקוני,סברה,
16,י,יפה ירקוני,bailando,
17,י,יש לי כנרת ,,
17,י,יש פרחים,,
17,י,ישע דודו ,אישה קרובה אצל עצמה,
17,י,ישעיהו תומר ,אגם הלימון,
17,י,ישראלים יהוה,,
17,י,יהוה ישראל,,
17,י,ישראל 20,,
17,י,israel הוצאת דנקרס,,
17,י,ecos the israel,,
17,י,israel joven ארגנטינה,,
17,י,israel2,,
17,י,ישראל בזמר ובמחול,,
17,י,ישראל בשיר ובריקוד,,
17,י,ישראל בשיר ובריקוד מספר 1 שחור,,
17,י,israel the land of the bibel,,
17,י,ישראל שלנו,,
17,י,שאול ישראלי ,תקווה לשלום,
17,י,שמעון ישראלי ,חיפה חיפה,
17,י,שמעון ישראלי ,סתם יום של חול,
17,י,שמעון ישראלי, שירי לוחמים,
17,י,שמעון ישראלי ,ציפורים בראש,
17,י,שמעון ישראלי ,סינייה,
17,י,שמעון ישראלי ,נכון לעכשיו,
17,י,שמעון ישראלי ,זהירות זכרונות סינגל,
17,כ,הכאן להקה הכאן מהדורה שנייה,,
17,כ,כאמל גמאל,,
17,כ,כאן ישראל 76,,
17,כ,כאן ישראל 78 מספר 6,,
17,כ, כאן ישראל 77 מספר 4,,
17,כ,כאן ישראל 77 מספר 5,,
17,כ,כאן ישראל שלום 7,,
17,כ,כאסח של להיטים שירים מתוך הסרט,,
17,כ,שירים מתוך הסרט כאסח 4 שירים,,
17,כ,הכבש ה16,,
17,כ,הכבש ה16 מהדורת 2015,,
17,כ,כדור רגל אלאל ישראל חופני,,
17,כ,כדורגל אוהב אותך מכבי תל אביב סטלוס,,
17,כ,כדורגל מכבי נתניה אלופה,,
17,כ,בן אל ולהקת גן עדן,,
17,כ,כדורגל שיר אליפות לקבוצת הפועל תל אביב 1988 יואל עזאני,,
17,כ,כדורגל שבת בבלומפילד,,
17,כ,\כדורגל אגודת מכבי שעריים עלייה לליגה לאומית 1984,נדיר,
17,כ,כדורגל\אליפות הפועל כפר סבא,,
17,כ,כדי שלא יאבד,,
17,כ,כדי שלא יאבד 1989,,
17,כ,כדי שלא יאבד פברואר 90,,
17,כ,כהן מה שאפשר הוא מה שנשאר,,
17,כ,כהן אבישי-the 50 gold colection,,
17,כ,אבישי כהן sensitive hours,,
17,כ,אבישי כהן החצוצרןbig vicious,,
17,כ,אבנר כהן מזכרת השנים,,
17,כ,איתמר כהן the voice of itamar,,
17,כ,איתמר כהן the voice of itamar,,
17,כ,איתמר כהן-סונג אוף יימן וישראל,,
17,כ,איתמר כהן-the best of itamar,,
17,כ,כהן ברק-צליל מיתר נגד המשטר,,
17,כ,כהן דודי- מאגדות דויד כהן,,
17,כ,כהן דליה- דליה,,
17,כ,דליה כהן ילדה טובה,,
17,כ,ורדינה כהן-נוסעת בעקבות האהבה,,
17,כ,יזהר כהן- alpahabeta,,
17,כ,יזהר כהן- להיטים,,
17,כ,יזהר כהן- חלומות שמורים,,
17,כ,מאור כהן-טוב לנו יחד,,
17,כ,מזי כהן- ,,
17,כ,מישל כהן סוד הבריאה,,
17,כ,מישל כהן- להיטי אנריקו מסיאס בעברית,,
17,כ,מישל כהן- קיץ ישראלי,,
17,כ,מישל כהן- אהבת ארץ ישראל,,
17,כ,מישל כהן בלהיטי אנריקו מסיאס מהדורת שדרים,,
17,כ,מישל כהן-תקליט שדרים מתוך התקליט החמישי,,
17,כ,נועם כהן-והים התיכון,,
17,כ,נתן כהן- זמן ומקום,,
17,כ,נתן כהן זמן ומקום,,
17,כ,כהנא גלעד אפריקה שלי,,
17,כ,מאיר כהנא -speaks,נדיר,
17,כ,רוני כובד ימים של זוהר מתוך אריך הנגן כול אהבותיי,,
17,כ,כוורת-שלושת אלבומי האולפן,,
18,כ,כוורת ,סיפורי פוגי עם תוכנייה,
18,כ,כוורת ,פוגי בפיתה,
18,כ,כוורת ,צפוף באוזן,
18,כ,כוורת ,סיפורי פוגי הופעה חיה בירושלים,
18,כ,כוורת ,בהופעה חיה קיץ 84,
18,כ,כוורת ,מחכים לשולה סינגל,
18,כ,כוורת מאיר ואלון עם להקת כוורת סינגל,,
18,כ,כוורת ,אופרת פוגי סיפור הארון,
18,כ,כוורת תוכנית רדיו בארהב,,נדיר
18,כ,כוכב השחר נועם קניאל מתוך הסרט,,
18,כ,יגאל כוכבי ,אותו אדם,
18,כ,כוכבי המצעד עם צביקה פיק ויוני נמרי,,
18,כ,כוכבים בחוץ הטלויזיה הלימודית,,
18,כ,כוכבים בשמי המחזמר,,
18,כ,כוכבים ולהיטים,,כפול
18,כ,כחול לבן בצבעים ,,תקליט שדרים
18,כ,כך נולדה ישראל emi,,
18,כ,כך נולדה ישראל 1948,,
18,כ,כך נולדה ישראל שיבה למולדת היהודית,,
18,כ,כול אחד הוא עוד קצת ילד שירי ילדים מעין החורש,,
18,כ,כול החגים שירי חג לילדים,,
18,כ,כול העולם במה עשור לאמי אגודת אומני ישראל,,
18,כ,כלבם של בני בסקרוויל שרלוק הולמס מספר אברי גלעד,,
18,כ,כלבתא ומיקס מונסטר,,
18,כ,כלי התזמורת ,,נדיר
18,כ,כולם ילדים כולם,,
18,כ,כמו ציפורים ,,
18,כ,כנסיית השכל ידייים למעלה,,
18,כ,כנסיית השכל זה לא אני,,
18,כ,כנסיית השכל רוץ ילד,,
18,כ,כנר על הגג,בומבה צור,
18,כ,כנר על הגג,רודנסקי ,
18,כ,כספי מתי,פעמון,
18,כ,מתי כספי,צד א צד ב,
18,כ,מתי כספי,כשאלוהים אמר בפעם הראשונה,
18,כ,מתי כספי,צד ג צד ד,
18,כ,מתי כספי,צד נוסף,
18,כ,מתי כספי,25725,
18,כ,מתי כספי,שירים במיץ עגבניות,
18,כ,מתי כספי,כולם שרים את מתי כספי,
18,כ,מתי כספי,ארץ טרופית משגעת,
18,כ,מתי כספי,שר סשה ארגוב,
18,כ,מתי כספי ,מתיתיהו ואלכסנדר,
18,כ,צבי כספי,כי ביתי בית תפילה,
18,כ,צבי כספי,זכרונות מבית אבא,
18,כ,גדעון כפן ,ילד השדה,
18,כ,כפפות,שיר מהסרט,
18,כ,כפר בילו,הכפר שלי בן 50,
18,כ,כפר יהושוע ,50 לכפר יהושוע,
18,כ,אסתי כץ ,אני מדבר,
18,כ,כרומוזום,,
18,כ,כרמלה גרוס ואגנר ,פרח שחור,
18,כ,כרמלה גרוס וגנר ,מהדורת 2023,
18,כ,כרמלה גרוס וגנר ,עיוור בלב,
18,כ,כרמלה גרוס ,תמונה אימפרסיוניסטית סינגל,
18,כ,כרמלה גרוס וגנר ,אלינור,
18,כ,ערן כרמלי אותך,סינגל,
18,כ,כשבגרוש היה חור,,
18,ל,לא אכפת להם שלישיית מתי כספי,,
18,ל,לא לשידור ארנון צדוק סינגל,,
18,ל,לא דיברנו עוד על אהבה ,,
18,ל,לא לשווא שירם מתוך מופע העשור של בית הלוחם,,
18,ל,רוני לאה,אחת התחנות,
18,ל,עדנה לב,לאוזניים צעירות,
18,ל,אהבתה של טרזה דימון,,
18,ל,עדנה לב ,קרן שמש קרן זוהר,
18,ל,עדנה לב ,עייפה קצת,
18,ל,עדנה לב ,הדרך אליי,
18,ל,אמיר לב ,רוצה לראות אתכם במקומי,
18,ל,אמיר לב ,רומה,
18,ל,איציק לב רן ,כמו חלום,
18,ל,לבבתיני,,
18,ל,אריק לביא,,
18,ל,אריק לביא ,הוא והיא,
18,ל,אריק לביא ,מצהל באהבה,
18,ל,אריק לביא ,שער לאוגדת הפלדה,
18,ל,אריק לביא, שיר הוא לא רק מילים,
18,ל,אריק לביא ,מתשח באהבה,
18,ל,אריק לביא ,מתשח באהבה עטיפה אפורה,
18,ל,אריק לביא ,stars of israel,
18,ל,אריק לביא ,אורח של הזמן הבורח,
18,ל,אריק לביא ,קרוב לפנות בוקר,
18,ל,אריק לביא,דיוקן,
18,ל,אריק לביא,אני אשיר לך שיר,
18,ל,אריק לביא,כול החלומות,
18,ל,אריק לביא,שר,
18,ל,אריק לביא, כיבוי אורות סינגל,
18,ל,אריק לביא,תן לי כוח סינגל,
18,ל,אריק לביא ,אהבה אחרונה סינגל,
18,ל,דליה לביא,אהבה אחרונה סינגל,
18,ל,דליה לביא ,i am asabra,
19,ל,לביא ראובן ,,
19,ל,חני לבנה ,ווקליזה,
19,ל,חני ליבנה ,היכרות,
19,ל,ליבנת שולמית ,שירי ילדים לכול גיל,אימא של לימור ליבנת
19,ל,ליבנת שולמית ,שרה שירי עם ישראלים,
19,ל,ליבנת שולמית ,סינגיג שלום וויז,
19,ל,לגן,,
19,ל,אריאלה להט ,אתמולים,
19,ל,להיט ועוד להיט הביצועים המקוריים,,
19,ל,להיטי הזהב של עולם המחזמר,,
19,ל,להיטי החסידים,,
19,ל,להיטי השנה,,
19,ל,להיטי זהב 1,,
19,ל,להיטים לילדים,,
19,ל,24 להיטים לילדים,,
19,ל,להיטים בצמרת,,
19,ל,להיטים לוהטים בירה אמסטל,,
19,ל,להיטים להיטים,,
19,ל,להיטים לילדים,,
19,ל,להיטים מהמסך הקטן,,
19,ל,הלהקה,עטיפה מצויירת,
19,ל,להקת איילון, בקיצור ולעניין,
19,ל,להקת איילון, ניורק תל אביב,
19,ל,להקת איילון ,סינג אלונג ויד יזראל,
19,ל,להקת איילון ,the ayalon,
19,ל,להקת אינץ ,סינגל,
19,ל,להקת גילגל ,,
19,ל,להקת דמול,,
19,ל,להקת ההדרים ,מבחר שירים ומחולות עם,
19,ל,להקת הזמר ,של קיבוץ העוגן צבע אחר,
19,ל,להקת הזמר ,של קיבוץ העוגן עלי שיר,
19,ל,להקת הטיילת,,
19,ל,לקוצרים הידד ,,
19,ל,להקת ישיבת התפוצות, בואי כלה,
19,ל,להקת ישיבת התפוצות, דויד מלך ישראל חי,
19,ל,להקת ישיבת התפוצות ,מלווה מלכה,
19,ל,להקת ישיבת התפוצות ,בשער התשובה,
19,ל,להקת ישיבת התפוצות ,ארץ אבותינו,
19,ל,להקת כוכב הזהב אודרדלה,,
19,ל,להקת כרמון,שירי עם עם להקת כרמון,
19,ל,להקת כרמון ,שירי עם בביצוע להקת כרמון כפול,
19,ל,שירי עם להקת כרמון,,
19,ל,להקת כרמון ,chants des sabras,
19,ל,להקת כרמון ,יזראל סינג,
19,ל,להקת כרמון ,סונג אוף דה סברס,
19,,יונתן כרמון,גרנד מיוקל הול ביזראל,
19,ל,להקת מאור ,שיעור מולדת,
19,ל,להקת נעמת ,סיבוב ראשון,
19,ל,להקת פיקוד דיזינגוף,,
19,ל,להקת פיקוד דיזינגוף ,מערכונים,
19,ל,להקת צופי תל אביב,,
19,ל,להקת שיבת ציון,,
19,ל,להקת שלהבת,,
19,ל,"לואיג""י אליל הנוער",,
19,ל,לואיגי מאמה רוזה,,
19,ל,לובנגולו מלך זולו,,
19,ל,אלי לוזון ,איזו מדינה,
19,ל,שמעון לוזון ,פעם שלי פעם שלו,
19,ל,שרה אוסנת הלוי ,ירושלים,
19,ל,אוהלה הלוי,ניו סונג אוף יזראל,
19,ל,אוהלה הלוי ,וויס אוף יזראעל,
19,ל,אוריה הלוי,בלול של נאווה,
19,ל,אושיק לוי,קצת שקט,
19,ל,אושיק לוי,הייתי גבר,
19,ל,אושיק לוי ,איפה טעינו מהדורה חדשה,
19,ל,אושיק לוי ,חדש וקצת ישן,
19,ל,אושיק לוי ,בקצה ילדות,
19,ל,ארז הלוי ,הלילה,
19,ל,ארז הלוי ,הלילה מהדורה חדשה,
19,ל,זוהר לוי, זוהר,
19,ל,יסמין לוי,la ganderia,
19,ל,יצחק לוי ,בשירת יהודי ספרד,
19,ל,יעל לוי ,תמונה,
19,ל,יעל לוי ,אהבת צעצוע,
19,ל,יעל לוי ,אל תקנה לי ורד,
19,ל,יעל לוי,בלדה לנאיבית סינגל,
19,ל,מאיר לוי,מקבלת אחיעזר,
19,ל,מאיר לוי,סונגס אוף דהאוריינט,
19,ל,מאיר לוי,ירושלים של גולד,
19,ל,נתי לוי ,אש,מבוקש
19,ל,נתי לוי,שלום נערתי,
19,ל,עופר לוי,אהבה אמיתית,
19,ל,שם טוב לוי,מצב רוח,
19,ל,שם טוב לוי,התעוררות,
19,ל,שם טוב לוי,נעימות מולדת,
19,ל,שם טוב לוי,שוחד,
19,ל,שם טוב לוי,אבי לייבוביץ אורקסטה בחברה טובה,
19,ל,לוליק,שר לורקה,
19,ל,לויד גימי 1977,,
19,ל,לויט רוס,רמפה רמפה,
19,ל,לויט רוס ,עם הלהיטים קמנגי ארקדש,
20,ל,יעל נחשון לוין,,
20,ל,לולה מרס ,רמבר רוזס,
20,ל,לולה מרס,someday tomorow maybe,
20,ל,lola mars,shot shot cherry,
20,ל,מוריס לוסקי ,שירים במארוקאית,
20,ל,לופו שירים מהסרט,,
20,ל,לופז שמונה מאות שנה למוסיקה עברית,,
20,ל,לאה לופטין ,קו הטירוף,נדיר
20,ל,חיים לוק,שירי ידידות,
20,ל,לזכר- מנגינות לימי זיכרון ואבל,,
20,ל,לחיות עוד קיץ ,,
20,ל,לחיי הספינות שבדרך,,
20,ל,עברי לידר ,דיסקו סינגל,
20,ל,דני ליטני,יחס חם,
20,ל,דני ליטני,הבזאר הגדול,
20,ל,ליטר שפיך ,,
20,ל,לילי גל תורן וגיא לוי,,
20,ל,לילי פרנקו,אפשר לראות דגים,
20,ל,לילי פרנקו,יפה ושלווה,
20,ל,לילה טוב- שירי ערש,,
20,ל,ליל מחתרות,,
20,ל,לילות רוסיה הקסומים,,
20,ל,לילך,גינגי שירים שאני אוהבת לשיר,
20,ל,לילך הגינגית תקליט מתוק,,
20,ל,נחמה ליפשיץ,רסיטל תקליט רוסי,
20,ל,נחמה ליפשיץ,איך זינג פאר אייך,
20,ל,נחמה ליפשיץ ,הופעה פומבית ראשונה,
20,ל,נחמה ליפשיץ ,תקליט עם חוברת מהדורת ספר,
20,ל,שרון ליפשיץ ,קולנוע,
20,ל,שרון ליפשיץ ,שתי בובות על חוט,
20,ל,ציונה לירון ,הבה נשחקה,
20,ל,גי למוטה ,ככה שמעתי,
20,ל,גי למוטה ,ברנד ניו גויסט,
20,ל,גי למוטה,סוזום,
20,ל,למנצח ,,
20,ל,למרוסיה באהבה,,
20,ל,חנה לסלאו ,בחיוך ישיר,
20,ל,חנה לסלאו ,סבתא זפתא,
20,ל,אלי לפיד,הולכת אחריי,
20,ל,לקט מזרחי,,
20,ל,לקט מהמצעד,,
20,ל,לקראת ארוויזיון 81,,
20,ל,לקראת אירוויזיון 82,,
20,ל,לקראת אירוויזיון 83,,
20,ל,לקראת אירווויזיון 85,,
20,ל,קדם אירווויזיון 1986,,
20,ל,קדם אירוויזיון 1987,,
20,ל,לרוז ,,
20,ל,לשנה הבאה בירושלים,,
20,ל,לשיר כמו גדול כוכבים לארז,,
20,ל,לשיר כמו גדול מספר 3,,
20,מ,100 שירים ראשונים,,
20,מ,מאוצר השירה העברית,,
20,מ,מאחורי הסורגים,,
20,מ,מאחורי הצלילים ,,
20,מ,מאחורי הצלילים 1984,,
20,מ,מאי תוך כדי,,
20,מ,מאיר מאיר,,
20,מ,נילי המאירי ,מספרת על האתון אברה,
20,מ,עוזי מאירי ,זמר הבאנו,
20,מ,מרקי פנק דה מיסטרי אוף מורידילייר,,
20,מ,מרקי פנק ,אינסטינקט,
20,מ,מאמי מהדורה חדשה,,
20,מ,מארש דונדורמה,,
20,מ,מבחר הפזמון העברי,,
20,מ,מבחר להיטי ישראל,,
20,מ,מבחר להיטי ישראל 2,,
20,מ,מבחר שירי ילדים,,
20,מ,מבחר שירי ילדים 37 שירים,,
20,מ,מבחר שירי ילידים כבקשתך 41 שירים,,
20,מ,מבחר שירי ילדים כבקשתך מספר 2,,
20,מ,מבחר שירי שבת ושירים חסידיים,,
20,מ,מבחר שירים לאמיר ואפרת,,
20,מ,מבחר שירים תימניים עם אורי שבח ורמי דנוך,,
20,מ,המגבית היהודית המאוחדת the night shall shune as the day,,
20,מ,המגבית היהודית אם אשכחך ירושלים,,
20,מ,המגילה איציק מאנגר באידיש,,
20,מ,המגילה אידיש ואנגלית,,
20,מ,המגילה 83 סרט,,
21,ל,ליז מגנס ,סולו ארגוב,
21,ל,ליז מגנס ,כול מה שיש,
21,מ,מגפיים מגף אחד חלוץ,,
21,מ,צרלי מגרה ,tomorows gon,
21,מ,צרלי מגרה ,da abtomatic,
21,מ,צרלי מגרה,love polis,
21,מ,צרלי מגרה,בום צאק בום בום,
21,מ,צרלי מגרה ,the end of teenage,
21,מ,צרלי מגרה ונערת ההפקר,,
21,מ,דני מדר ,אל תיקח ללב,
21,מ,מה הדעווין שלך כול להיטי החאפלה,,
21,מ,מה טוב יחדיו בית הספר עמק הירדן,,
21,מ,מוני ובראבא ,מה שיהיה יהיה,
21,מ,מהו גז לאונרד ברנשטיין,,
21,מ,mujahideen dead language,,
21,מ,mer+or,,
21,מ,מוכרת הסברים,,
21,מ,לווריאטי באהבה אוסף,,
21,מ,המולוך מלך עכברוש,,יקר
21,מ,מוניקה סקס ,פצעים ונשיקות,
21,מ,מוניקה סקס,חיות מחמד,
21,מ,מוסטקי,איש באר שבע,
21,מ,להקת מוסקבה,צרנוביל  סינגל,נדיר
21,מ,להקת מוסקבה,רוברט ,נדיר
21,מ,ללהקת מוסקבה,שלושה שירים,נדיר
21,מ,מוסקבה ,1986,נדיר
21,מ,מוסקבה,כבישים שרופים,
21,מ,אריה מוסקונה,אין כיסוי,
21,מ,מועדון החתול שמיל,,
21,מ,מועדון הצועני השורק,,
21,מ,מועדון התיאטרון החיפאי היסטוריה בגרוש,,
21,מ,יסמין מועלם,אין עולם,
21,מ,שמעון מור עם להקת מוניטין,,
21,מ,שמעון מור סטברוס עם להקת מוניטין,,
21,מ,מורשה שירי הווי וטקס של קהילות בישראל,,
21,מ,המורשת המוזיקלית של יהודי בבל(כולל דויד אלחכוותי),,
21,מ,מושיק מזמור שיר,,
21,מ,מזמורים שירת ספרד קודש וחול,,
21,מ,מזל טוב דורון מזר,,
21,מ,מזרח,,
21,מ,מחוללי הכרמל,,
21,מ,מחשבות שאינן רוצות לישון,,
21,מ,אבי מטוס ,לוקח את היום לאט,
21,מ,אבי מטוס ,מהדורת 2019,
21,מ,יחזקאל מטרי ,בסלסולי תימן,
21,מ,יחזקאל מטרי, אהבת תימן,
21,מ,מיטב השירים הגדולים - ישראל,,
21,מ,שמשון מיאל ,פרדס הגחלים הלוחשות,
21,מ,שמשון מיאל ,אמסטרדם לנואייבה,
21,מ,מיהו יהודי- רוקד דיסקו ישראלי,,
21,מ,גילי מיילי ,למה סמבה תקליט שדרים,
21,מ,מיין שיינע ליידי גבירתי הנאווה באידיש,,
21,מ,"ג""קי מייקה",בואי ונשירה,
21,מ,"ג""קי מייקה",מכתב החייל,
21,מ,"ג""קי מייקה",ימי נעוריי,
21,מ,"ג""קי מייקה",שירו ביחד,
21,מ,גקי מייקה, שר לך אימא,
21,מ,גקי מייקה,היו זמנים,
21,מ,זקי מייקה,מאדונה,
21,מ,זקי מייקה,שש עשרה מלאו לנער,
21,מ,זקי מייקה,אינשאללה ,נדיר
21,מ,זקי מייקה,הביתה לשדרים בלבד,נדיר
21,מ,מייקי,אקורד ראשון,
21,מ,רבקה מיכאלי,שעות נוספות,
21,מ,רבקה מיכאלי,כאן,
21,מ,רבקה מיכאלי,הרחוב שלנו,
21,מ,רבקה מיכאלי,בעיר העתיקה,
21,מ,רבקה מיכאלי,שירים במיץ,
21,מ,מיכאליס,(קוליפון),
21,מ,יאיר מילר,לקט משירי יאיר מילר,
21,מ,יאיר מילר,שירים 64-79,
21,מ,סוזי מילר ורוברט הרובוט ,שירו שיר,
21,מ,סוזי מילר,הבה נטייל בארץ,
21,מ,מיכל,,
21,מ,עידו מימון ,פסטיבל מסמפלי סימפולים,
21,מ,מינימל קומפקט,,
21,מ,מינימל קומפקט ,live,
21,מ,מינימל קומפקט,static dancig,
21,מ,מינימל קומפקט,raging souls,
21,מ,מינימלקומפקט,נקסט טיים איז ריל,
21,מ,מינימלקומפקט נקסט ,טיים איז ריל עטיפה אחרחת,
21,מ,מינימל קומפקט,the figure one cuts,
21,מ,מינימלקומפקט, one by one,
21,מ,מינימלקומפקט,lowlands flight,
21,מ,מינימל קומפקט,creation is perfect,
22,מ,מיסטר הארי ,אל תשכחי אותנו,
22,מ,מיסטרי הארי ,אולי עכשיו סינגל,
22,מ,דורון מירן,החלום שלי,
22,מ,דורון מירן,בואי ונאהב,
22,מ,דורון מירן,איתך הלילה,
22,מ,מילי מירן,התחלה טובה,
22,מ,מילי מירן,הו מרגנית,
22,מ,מישראל באהבה,,
22,מ,מכבי תל אביב- צ ס ק א,,
22,מ,מכבי תל אביב אלופת אירופה,,
22,מ,המכשפה,הצגה,
22,מ,המכשפות,עד העונג הבא,
22,מ,מכת שמש,שר יובל בנאי,נדיר
22,מ,מכתב למארק שאגאל,,
22,מ,מלחמת ששת הימים,כתבי קול ישראל וגלי צהל במערכה,
22,מ,מלחמת ששת הימים,אנגלית תקליט 1,
22,מ,מלחמת ששת הימים,אנגלית תקליט 2,
22,מ,מלחמת ששת הימים,בסיפור ושיר הכלב נונו יוצא למלחמה,
22,מ,מלחמת ששת הימים,ביידיש di 6 togika mulchome,
22,מ,שירי המלחמה והניצחון,,
22,מ,שירי מלחמת ששת הימים,צנחן,
22,מ,שירי מלחמת הקודש יוני 1967,,
22,מ,מלחמת ששת הימים,ניצחון ישראל 1967,
22,מ,המלחמה האחרונה יום כיפור,,
22,מ,שירי מלחמת יום הכיפורים,,
22,מ,שירי מלחמת יום הכיפורים,תמונת בול,
22,מ,שירים לאחר מלחמת יום הכיפורים,,
22,מ,מלחמת יום הכיפורים,בערבית מוגרבית,
22,מ,המלחמה לשלום,,
22,מ,אני מבטיח לך משירי המלחמה האחרונה,,
22,מ,מלחמה ושלום,,
22,מ,המלך מתי סרי אל נבקש,מחזמר מחיי זהר ארגוב,
22,מ,המלך שלחת,,
22,מ,מלך היהודים החברה הגבוה,,
22,מ,מלך היהודים בוגד,,
22,מ,המלך ואני ,רבקה רז,
22,מ,המלך מתיא הראשון,הצגה,
22,מ,מלכיאל גמד היער,,
22,מ,מלכת האמבטיה,מקורי עם תוכניה,
22,מ,מלכת האמבטיה,מקורי תווית אדומה,
22,מ,מלכת האמבטיה,מחודש וחתום,
22,מ,איציק מנגר ,קורא איציק מנגר,
22,מ,איציק מנגר ,ערב איציק מנגר,
22,מ,עמוס מלר,חליליות,
22,מ,מלכת הכביש,סרט,יקר!
22,מ,ממעדני המזרח,,
22,מ,מנגו,,
22,מ,המנגינה לעולם נשארת,,
22,מ,המנגינה לעולם נשארת,שירים שאהבנו מתכנית הרדיו,
22,מ,מנגינות בשירה,,
22,מ,מנדולין טו,צמד,
22,מ,יובל מנדלסון,המסע לפולין,
22,מ,אהוד מנור,אני שלך ואת שלי,
22,מ,אהוד מנור,חלומות שמורים,
22,מ,אהוד מנור,מדינת הילדים,
22,מ,אלכס מנס,רוק אנד רול מכני,
22,מ,מסביב למדורה,,
22,מ,איתן מסורי,מלב אל לב,
22,מ,איתן מסורי,לפני שנה,
22,מ,איתן מסורי,המון דברים,
22,מ,איתן מסורי,אני אוהב את החיים האלה,
22,מ,איתן מסורי,נושא לשיר,
22,מ,איתן מסורי,שירי כחול לבן,
22,מ,איתן מסורי,שירי כחול לבן תקליט שדרים,
22,מ,איתן מסורי,ינואר פברואר,
22,מ,איתן מסורי,משירי ארץ ישראל היפה,
22,מ,איתן מסורי,משירי נתן יהונתן,
22,מ,איתן מסורי,מוזיקה,
22,מ,מסיבה של עננים,,
22,מ,מסיבת האוז ים תכונית,,
22,מ,מסיבת החיות,,
22,מ,מסיבת ריקודים לילדים,,
22,מ,מסיבת ריקודים ישראל,,
22,מ,דני מסנג,אלבום ראשון,
22,מ,דני מסנג,און סילבר ווינגס,
22,מ,מסע אלונקות,,
22,מ,מסעות בנימין השלישי,,
22,מ,המסך הלבן,המם אותי,
22,מ,המסך הלבן,סקס סמים ופלסטין,
22,מ,מעגל הגיר הקווקזי,ככה זה,
22,מ,מעגלים,שירי בית כנסת,
22,מ,מעלה קרחות,,
22,מ,מעמידי הפינים,סינגל,
22,מ,מעשה בחייל,,
22,מ,המפוזר מכפר עזר,,
22,מ,המפשעות,,
22,מ,המפשעות,למפשעות אין אחות,
22,מ,מציאות,,
22,מ,מציאות,דור ההמשך,
22,מ,מצלילי המזרח,,
22,מ,מצעד החיות,,
22,מ,מצעד כוכבי המזרח,,
22,מ,מצעד הכוכבים,,
22,מ,מצעד הכוכבים,אדום,
22,מ,מצעד המצעדים,רשת ג' 1,
22,מ,מצעד המצעדים,רשת ג' 2,
22,מ,מצעד המצעדים,רשת ג' 3,
23,אבא עוד צריך לסדר,,,
24,מ,מצעד המרגנית,גלי צהל,
24,מ,מצעד המרגנית ,רגיל,
24,מ,מצעד הפזמון,,
24,מ,מצעד פזמוני השנה,,
24,מ,מצעד הפזמונים,הד ארצי 1,
24,מ,מצעד הפזמונים,הד ארצי 2,
24,מ,מצעד הפזמונים,הד ארצי 3,
24,מ,מצעד הפזמונים,הד ארצי 4,
24,מ,מצעד הפזמונים,הד ארצי 5,
24,מ,מצעד הפזמונים,הד ארצי 6,
24,מ,מצעד הפזמונים,הד ארצי 7,
24,מ,מצעד הפזמונים ,העברי,
24,מ,מצעד הפזמונים ,תשכט,
24,מ,מצעד הצמרת ,1970,
24,מ,מצעד הצמרת ,מס 2,
24,מ,מקהלה עליזה,,
24,מ,מקהלה עליזה לחגים,שירים וסיפורים לפסח,
24,מ,מקהלה עליזה לחגים,סוכות ושמחת תורה,
24,מ,מקהלה עליזה לחגים,ליום העצמאות,
24,מ,מקהלת האיחוד בקונצרט,,
24,מ,מקהלת הגברים רמת גן,,
24,מ,מקהלת הגברים של גרציאני,,
24,מ,מקהלת הגליל המערבי ,קונצרט,
24,מ,מקהלת הילדים של כפר הנוער הדסים,שירי חגים,
24,מ,מקהלת המורמונים,דרום קליפורניה,
24,מ,מקהלת העפרוני,,
24,מ,מקהלת הקיבוץ הארצי,רונו נא,
24,מ,מקהלת לב רן,בין קודש לחול,
24,מ,מקהלת מועצת פועלי חיפה,בניצוח עמוס מלר,
24,מ,מקהלת נוער אגודתי,יבנה המקדש,
24,מ,מקהלת פעמונים,,
24,מ,מקהלת צדיקוב,מבחר שירי פולקלור,
24,מ,מקהלת צדיקוב,במבחר שירי פולקור מהדורה באנגלית,
24,מ,מקהלת צדיקוב,שבת בשיר ובסיפור,
24,מ,מקהלת צדיקוב,שירי ערס,
24,מ,מקהלת צדיקוב,פסח ואביב,
24,מ,מקהלת הילדים על שם צדיקוב,ניסוחו של לסלו רוט,
24,מ,מקום ליד הים,שירים מתוך הסרט,
24,מ,ג'קי מקייטן,מאנטזת,
24,מ,ג'קי מקייטן,הקסם השחור,
24,מ,ג'קי מקייטן,במיטב שירי חפלה,
24,מ,ג'קי מקייטן,בלב שמח,
24,מ,ג'קי מקייטן,שובר הלבבות,
24,מ,ג'קי מקייטן,התגשמות,
24,מ,ג'קי מקייטן,לילדים,
24,מ,מקס ומוריטץ,מיקי גבריאלוב,
24,מ,מקסימום ארבע,,
24,מ,עמיקם מרבך,,
24,מ,שאול מרגלית,שירים של רוח וים,
24,מ,שאול מרגלית,בחלומות הדרקון,
24,מ,גיא מרוז,עם גל שקט,
24,מ,גיא מרוז,ילד פלא,
24,מ,חנה מרון מספרת,הקוסם מארץ עוץ,
24,מ,חנה מרון מספרת,פינוקיו וכיפה אדומה,
24,מ,חנה מרון מספרת,סיפורי בלט,
24,מ,מנחם מרחום,לאור הזכרונות,
24,מ,מרי פופינס,צלילי המוזיקה,
24,מ,מרמרה סטרייסנד,,
24,מ,מרסדס בנד,המרסדס 2,
24,מ,אביבה מרקס,מתוק מיין,
24,מ,אלי משה ,השנים חלפו,
24,מ,חיים משה,תודה,
24,מ,חיים משה,אהבת חיי,
24,מ,חיים משה,תן לזמן ללכת,
24,מ,חיים משה,כל נדרי,
24,מ,חיים משה,צעד תימני,
24,מ,חיים משה,שירים לתוך הלילה,
24,מ,חיים משה,שבח אשיר,
24,מ,חיים משה,להיות זמר,
24,מ,חיים משה,חפלה שירי כיף ומצברוח,
24,מ,חיים משה,ממעמדי קראתיכה,
24,מ,חיים משה,חיי לאהבה,
24,מ,חיים משה,עוד יום עולה,
24,מ,חיים משה,נשבע,
24,מ,משהו טוב לילדים,,
24,מ,משהו לא נורמאלי,,
24,מ,משוררים קוראים,,
24,מ,משחקצב,,
24,מ,משטרת ישראל המשמר האזרחי,,
24,מ,משינה,אוהב אותך מישל סינגל,
24,מ,משינה,ברחובות שלנו סיגנל,
24,מ,משינה,אנגלית סינגל,יקר
24,מ,משינה,שלג צח,
24,מ,משינה,מפלצות התהילה,
24,מ,משינה,העמותה לחקר התמותה,
24,מ,משינה ,גבירותי ורבותי משינה,
24,מ,משינה,להתראות נעורים שלום אהבה,
24,מ,משינה,הקופים,
24,מ,משינה,פחי שואו,
24,מ,משירי ארץ ישראל היפה,גברת תפוח,
24,מ,משירי ארץ ישראל הישנה,,
24,מ,משירי העפלה וחייל הים,,
24,מ,מתדיראן באהבה,,
24,מ,מתי פלטה,בשירי עמים,
24,מ,מתנה לילדים,אסתר סופר ונחמה הנדל,
30,נ,נאדיה הסרט,גידי גוב שוב נפגשים,
30,נ,נאסר אדין,עם תוכניה,
30,נ,עוזי נבון ומכרים,,
30,נ,עוזי נבון ,בזמנו,
30,נ,עוזי נבון ,החוויות לכל החיים,
30,נ,עוזי נבון,למה לא עכשיו,
30,נ,רותי נבון,,
30,נ,רותי נבון,כפול מהדורה חדשה,
30,נ,12 הנבחרים,תשל''א,
30,נ,נגבה,חג ה40 לנגבה נתיב הקוצרים,
30,נ,נדיר 1,אוסף עם יהורם ארבל תל אביב גוט סול,
30,נ,נדיר 2,תריפונס,
30,נ,נדיר 3,,
30,נ,נדיר 4,,
30,נ,נוודי האוכף,,
30,נ,נונו,סטאטוס,
30,נ,יעקוב נווה,לחם עבודה ושעשועים,
30,נ,מוטי נוטע,מרגע לרגע,
30,נ,מוטי נוטע,במזל עקרב,
30,נ,מוטי נוטע,שתיים בלילה,
30,נ,נוער שוליים,ציירי לך שפם,
30,נ,נוער שוליים,גובנייל דלקנסס,
30,נ,נוער שוליים,זה עושה לך את זה,
30,נ,נוער שוליים,צרי לך שפם סינגל,
30,נ,נוער שוליים,אמסטרדם סינגל,
30,נ,נוער שוליים,ענוג סינגל,
30,נ,נוער שוליים ,רדיו גמדיו סינגל,
30,נ,נוער שוליים,מותק סינגל,
30,נ,נוער שוליים,שמור עלי סינגל,
30,נ,עקיבא נוף, הבוקר שאחרי,
30,נ,עקיבא נוף,לאורך חופים רחוקים,
30,נ,נורית,שירים מתוך הסרט,
30,נ,נוסעי המגבהת,הקסטה,
30,נ,נוסעי המגבהת,מי רצח את אגנתה פאלסקוג,
30,נ,נוסעי המגבהת,לגור איתו סינגל,
30,נ,צביקה פיק ונוסעי המגבהת,למה לא סינגל,
30,נ,נוסעי המגבהת,בום וטראח סינגל,
30,נ,נוסעי המגבהת,נגד כיוון הזיפים,
30,נ,נוסעי המגבהת,הבא בתור הוא סוס סינגל,
30,נ,נוסעי המגבהת,איש קופה ומסשאית,
30,נ,נוסעי המגבהת,אני טקסט פוליטי סינגל,
30,נ,נוסעי המגבהת,עם מלכיאל גרוסמן אני טקסט פוליטי דנסקמיקס,
30,נ,נוסעי המגבהת,לייב בבית שמש סינגל,
30,נ,בנימין נחום, שירה תימנית מקורית,
30,נ,בנימין נחום,שירי תימן ירוק,
30,נ,בינמין נחום,שירה תימנית מקורית שחור,
30,נ,בנימין נחום,שירה תימנית מקורית כחול,
30,נ,שלום נחום,ממרחים עם שלום נחום,נדיר ביותר
30,נ,נחל עוז,טיול משק עם חברות הזמר של נחל עוז,
30,נ,נחליאלי קטן,שירים של סתיו וחורף,
30,נ,נעימות פולקלור יהודיות ממזרח ומערב בביצוע תזמורתי,,
30,נ,נגוני שמחה וריקוד של החסידים,,
30,נ,דיויד נידם,שירים במרוקאית,
30,נ,ניחוחי חציר 1972,,
30,נ,ניחוחי חציר 1971,בלדה לקיבוצניק,
30,נ,ניחוחי חציר 3-4,,
30,נ,ניחוחי חציר,נעימות של ארץ ישראל,
30,נ,נינו ניקולאידיס,טרמה טה פרפונה  יוונית,
30,נ,נינו ניקולאידיס,,
30,נ,נינו ניקולאידיס,נינו,
30,נ,נינו ניקולאידיס,תמיד בתוך ליבך,
30,נ,ניקו טין,,
30,נ,יאיר ניצני,האשם תמיד רוצה להתקדם,
30,נ,יאיר ניצני,האשם תמיד אולוויז פול,
30,נ,יאיר ניצני,האשם תמיד גרסת פראייר רוק,
30,נ,יאיר ניצני,האשם תמיד הסקס משמין,תקליטון מוניטין
30,נ,עופר ניסים,און ויניל,
30,נ,עופר ניסים,שלומית אהרון רמיקס,
30,נ,אחינועם ניני,לטרס טו בך,
30,נ,אחינועם ניני,אפטרולג'י,
30,נ,אחינועם ניני,הופעה חיה,
30,נ,נייג'ל האדמור,לסובב את הגוף,סינגל
30,נ,נייג'ל האדמור,חומוס מטמטם,
30,נ,איתמר ניומן,את שמך בלילות,סינגל
30,נ,ניקוי ראש,והחברה' שרים שירים שובבים,
30,נ,ניקוי ראש,מבחר קטעים מתכנית הטלוויזיה,
30,נ,ניקולאס,כוכב הזמר היווני תורכי,
30,נ,ניקולאס,אריך נגן 2,
30,נ,ניקולאס,סלוניקי,
30,נ,ניקולאס,ילדי העולם,
30,נ,נירו,,
30,נ,נכי נאצה,משום מקום אל תוך כלום,
30,נ,רפי נלסון,טאבה סבבה,
30,נ,יוני נמרי,אחד מול אחד,"כולל צעיף בד, הקדשה לצדי צרפתי"
30,נ,יוני נמרי,שקט מעולם אחר,
30,נ,יוני נמרי,גבר מאוהב,
30,נ,יוני נמרי,גלים קטנים,סינגל
30,נ,יוני נמרי,שלי שלי,סינגל
30,נ,נס בעיירה,שירי הסרט,
30,נ,הנסיך הקטן,שירים מההצגה,
30,נ,הנסיכה האמריקאית,ההצגה,
30,נ,הנסיכה והרועה,הצגת ילדים,
30,נ,נסיעה מדומה,ערב שירי לאה גולדברג,
30,נ,ירמי נעים,מורן,
30,נ,נענע,אוסף מספר 1,
30,נ,נפתלי,לזכר נפתלי פורת,
30,נ,ארז נץ,נצא לטיול בישראל עם שרה פיינשטיין,
30,נ,נצאה במחול 1,יעקב לוי,
30,נ,נצאה במחול 2,יעקב לוי,
30,נ,אפי נצר,שירה בציבור,
30,נ,אפי נצר,הבה נשירה,
30,נ,אפי נצר,הבה נשירה הקלטה חיה,
30,נ,אפי נצר,הבה נשירה מספר 3,
30,נ,אפי נצר,וחבורת בית רוטשילד,
30,נ,אפי נצר,מבחר ריקודי עם עם להקת מחול,תקליט כפול
30,נ,אפי נצר,האמיני יום יבוא,
30,נ,אפי נצר,אני ושירי,
30,נ,אפי נצר,דיס איס ישראל,
30,נ,אפי נצר,שירים חסידיים ושירי שבת 1,
30,נ,אפי נצר,שירים חסידיים ושירי שבת 2,
30,נ,אפי נצר,שירים חסידיים ושירי שבת 3,
30,נ,אפי נצר,שירים חסידיים בצרפתית,
30,נ,עומר נצר,,
30,נ,נקמת הטרקטור,זכות הזעקה,
30,נ,נקמת הטרקטור,סביב סביב מהדורה חדשה,
30,נ,נקמת הטרקטור,ארונות מטבח,
30,נ,נקמת הטרקטור,מה לאהובי,
30,נ,נקמת הטרקטור,קיר,
30,נ,נקמת הטרקטור,מטבח אקוסטי,
30,נ,נקמת עוללים,הוון לי חברים של דורון,
31,נ,נרקודה,מספר 1,
31,נ,נישואין נוסח גירושין,מערכונים,
31,נ,נישואין נוסח גירושין,שירים,
31,נ,הנשמות הטהורות,,
31,נ,הנשמות הטהורות,טעם של פעם,
31,נ,שולי נתן,שירים עבריים,
31,נ,שולי נתן,מתי היום,
31,נ,שולי נתן,טיול,
31,נ,שולי נתן,שושנה שחורה,
31,נ,גילי נתנאל,ימים יפים,
31,נ,נתנאלה,שיר היונה,
31,נ,נתנאלה,אל ארצי,
31,ס,סאבי,לאלה ששכחו מהי אהבה,
31,ס,סאונד,בית ספר לטכנאי קול,
31,ס,סאונד,הקלטות מהקורס לטכנאי קול,
31,ס,סאונד 87,הפקה מוסיקלית קורין אלאל,
31,ס,סאונד 4,,
31,ס,סאונד ,להקת מולד,
31,ס,סאלח שבתי,הסרט תקליט אמריקאי,
31,ס,סאלח שבתי,המחזמר עם תוכניה,
31,ס,אריס  סאן ,הלהיטים הגדולים כתוב באנגלית,
31,ס,אריס סאן,12 שירים ים תיכוניים,
31,ס,אריס סאן,בוםפאם,
31,ס,אריס סאן,צלילי אהבה,
31,ס,אריס סאן ותזמורתו,,
31,ס,אריס סאן,צלילי הים התיכון,
31,ס,אריס סאן,שירים עבריים,
31,ס,אריס סאן,דרינגי דרינגי,
31,ס,אריס סאן,16 להיטים יווניים,
31,ס,אריס סאן,קולות ברוח,
31,ס,אריס סאן,אני אוהב אותך,
31,ס,אריס סאן,הוקלט ביוון,
31,ס,יוסי סביון,בקפה של מיקו,
31,ס,צדוק סביר,הוצאת מקולית,
31,ס,צדוק סביר בניו יורק,,
31,ס,קובי סיביליה,רחוק ממני,
31,ס,סגול 59,מחווה לגרטפול דד,
31,ס,סגול 59,האב הבן וראש העיר,
31,ס,סגול 59,אדמה רוח ואש סינגל,
31,ס,שמואליק סגל,קפה למיטה,
31,ס,שמואליק סגל,קורא את אפריים קישון,
31,ס,שמואליק סגל,מספר מסיפורי מוטי בן פסי החזן,
31,ס,שמואליק סגל,באידיש,
31,ס,סדנת הגז,מהדורת 2014,
31,ס,סדנת תיאטרון שכונת התקווה,אהבה ראשונה,
31,ס,סדנת תיאטרון שכונת התקווה,וחוץ מזה הכול בסדר,
31,ס,סדנת שכונת התקווה,עתיק נושן שירי שבת מסורת חפלה,
31,ס,סובו במחול,,
31,ס,סובו במחול,מעגלים מספר 1,
31,ס,סולו ראשון, פרוייקט הכשרונות הצעירים,
31,ס,סוזאן ופרן,רשות השידור,
31,ס,סוזאן ופרן,טעם של פעם,
31,ס,פרן אבני,היום השביעי,
31,ס,סוזאן אבני,לטקס ואוזני המן שירי חנוכה ופורים,
31,ס,מאיר סוויסה,לשיר זה לא הכול סינגל,
31,ס,סוכות ושמחת תורה,שירים ואגדות,
31,ס,סולימן הגדול,שלושים שנות זמר,
31,ס,סופה במדבר,מרכז קהילתי דימונה,
31,ס,סורגים,קבוצת הפרוייקט תיאטרון חיפה,
31,ס,אסתר סופר,שישה סיפורי ילדים,
31,ס,ברי סחרוף,האחר,
31,ס,ברי סחרוף ,נגיעות,
31,ס,ברי סחרוף,הכול או כלום,
31,ס,להקת סיאם,מלחמה ושלום,
31,ס,סיאם,הופעה חיה,
31,ס,סיאם,תל אביב דאוןטאון,
31,ס,סיאם,אנונימוס,
31,ס,סיאם,אימפולייט,
31,ס,סטלוס,היידה יפו,
31,ס,סטלוס,אריך נגן 2,
31,ס,סטלוס,אריך נגן 3,
31,ס,סטלוס,שירו ידידי,
31,ס,סטלוס,אוהב אותך לשדרים בלבד,
31,ס,הדסה סיגלוב,שירי ביאליק לילדים,
31,ס,סימפוניית הצעצועים,תוכניות קופמן.יהודית רבית גידי גוב וכו,
31,ס,סוטיריס סידרס ואהדראס אדריאנוס,,תקליט נדיר ביותר
31,ס,דייב קרול והסינג סינג,,
31,ס,מיכאל סינוואני,שר ומאושר,נדיר
31,ס,אריק סיני,צל כבד,
31,ס,אריק סיני,דרך הכורכר,
31,ס,אריק סיני,שירים חוזרים ב,
31,ס,אריק סיני,בסוף המעגל,
31,ס,אריק סיני,שלום לך תקווה עצובה,
31,ס,,,
31,ס,אריק סיני,שמועות על גשם,
31,ס,סיני מאילת,מסביב למדורה,
31,ס,מאיר סיני,בכורה,
31,ס,סינקופה,גלשנים,
31,ס,סינקופה,עוד אהבות,
31,ס,סיפורים שענת אוהבת במיוחד,,
31,ס,סוכריה על מקל,,
31,ס,סירנות,אני לא,
31,ס,סלווין רן,2015,
31,ס,סלומון דורון,משחקים מורשים באנגלית,
31,ס,סלע ישראל,הארץ המובטחת,
31,ס,סמבה תל אביב,,
31,ס,סמי וסוסו,רשות השידור,נדיר מאוד
31,ס,אביבה סמדר,הופעה חיה בגרמניה,
31,ס,סמדר,אישה בתוך אישה,
31,ס,עומרי סמדר,קולאז,
31,ס,סנדרסון דני,הטובים לטיס,
31,ס,סנדרסון דני,חף מפשע כולל התקליטון מה הדעווין שלך,
31,ס,דני סנדרסון,חכם על קטנים,
31,ס,דני סנדרסון,קופץ לשנייה,
31,ס,סנה משה,בקולו ובעטו,
31,ס,סעי יונה,יחיאל עדקי,
31,ס,ספארק או,באור של זמן אחר,
31,ס,סיפורי תנך לילדים,,
31,ס,סיפורים לחגים,תמר ברנשטיין לזר ועליזה יצחקי,
31,ס,ספירו,טובללה,
31,ס,ספירו,טוםבללה עטיפה כחולה,
31,ס,ספירו,טרה בומבה,
31,ס,ספקטור דניאלה,על הים,
31,ס,ספקטור דניאלה,לחיות,
31,ס,ספרי תמה,מיטב הלהיטים התימניים,
32,ס,סקסטה ,כחול,
32,ס,סקסטה, הכול זהב,
32,ס,סקסטה, ימים טובים,
32,ס,סקסטה ,לשדרנים בלבד לאה נאור אילן וירצבר,
32,ס,ניסים סרוסי,מצעד הפזמונים של ניסים סרוסי,
32,ס,ניסים סרוסי,מתוך הסרט יום הדין,
32,ס,ניסים סרוסי,מטוקיו באהבה,
32,ס,ניסים סרוסי,ירושלים,
32,ס,סרט\להקה,תקליט אחד,
32,ס,סתיו בחלונות,לחנים רוגעים אולפני רשות השידור,
32,ס,סתם יום של שוק,רשות השידור,
32,ע,עבודות עפר,אנגלית שבורה,
32,ע,העגורים חוזרים,,
32,ע,עגיל בזין,שירים מהסרט,
32,ע,עד אור הבוקר,רשות השידור,
32,ע,עד הלב,אוסף מתחיל בשיר דניאלה,
32,ע,עד סוף הלילה,שני שירים מתוך הסרט,
32,ע,אלון עדר ולהקה,משתלבים בנוף,
32,ע,עדלאידע,שנת 83,
32,ע,עובד ,גגות אדומים,
32,ע,עובד והברווזים,ברווזים ברווזים סינגל,
32,ע,עוד להיט,16  להיטים,
32,ע,עוד להיט,ישראדיסק,
32,ע,עוד להיט,ישראדיסק 2,
32,ע,דינה עוז,אהבה פשוטה,
32,ע,עוזי דגני,תקליט לזכרו,
32,ע,עוזרי אהובה,היכן החייל,
32,ע,עוזרי אהובה,ילדה קטנה במזח,
32,ע,אהובה עוזרי,קדימה בגאווה,
32,ע,אהובה עוזרי,ריח של סתיו,
32,ע,אהובה עוזרי,חלומות גן עדן,
32,ע,אהובה עוזרי,עוד  שנה,
32,ע,אהובה עוזרי,תקליט בערבית,נדיר
32,ע,אהובה עוזרי,הבטחות,נדיר
32,ע,אהובה עוזרי,צלצולי פעמונים,
32,ע,עולמו של זאק ברל,,
32,ע,עונות השנה,תקליטי גל ומיטל,
32,ע,עופרים אבי,מחר אשוב הביתה,
32,ע,אסתר עופרים,היכל התרבות,
32,ע,אסתר עופרים,שירי ילדים סדרת אמיר ואפרת,
32,ע,אסתר עופרים,שירי ילדים ישרפון,
32,ע,אסתר עופרים,היו לילות,
32,ע,צמד העופרים,רק עברית,
32,ע,צמד העופרים,חיי אדם,
32,ע,אסתר עופרים,songs der welt,
32,ע,צמד העופרים 2\3,,
32,ע,אסתר עופרים,פולק סונג אוף יזראעל,
32,ע,צמד העופרים,יזראעלי סונג,
32,ע,צמד העופרים,סונג פרום יזראעל,
32,ע,צמד העופרים,לידר אנד סונג,
32,ע,אסתר ואבי עופרים,das neue album,
32,ע,עוץ לי גוץ לי,תקליט צבעוני,
32,ע,עוץ לי גוץ לי,עטיפה עם כתר,
32,ע,עוץ לי גוץ לי,התיאטרון העממי,
32,ע,עליזה עזיקרי,לו הייתי,
32,ע,עליזה עזיקרי,לא לקחת ללב,
32,ע,גלי עטרי,צעד אחד לפני הנהר,
32,ע,גלי עטרי,ממריאה ברוח,
32,ע,גלי עטרי,ביום שאחרי,
32,ע,גלי עטרי,בראשית,
32,ע,גלי עטרי,נסיך החלומות,
32,ע,גלי עטרי וחלב ודבש,,
32,ע,שלמה עטרי,קול תימן,
32,ע,שלמה עטרי,שירה תימנית מקורית,
32,ע,אלי עידן,עידן חדש,
32,ע,אלי עידן,אהבתי הראשונה עם הקדשה,
32,ע,אלי עידן,חלומות שאספנו,
32,ע,עין החורש ,שירים בעין החורש,
32,ע,עין חרוד,חמישים לעין חרוד מאוחד,
32,ע,עיר,אוסף שירים חיפה 2018,
32,ע,עיר הגברים,מחזמר עם השיר פנקס הקטן כולל תוכנייה,
32,ע,העיר והשיר,מחזה מוזיקלי,
32,ע,על הדרך עץ עומד,,
32,ע,על הדשא ,שירים בלילה בלילה כפול,
32,ע,עלובי החיים,,
32,ע,שירי עלומים,תקליטי רבקה,
32,ע,עלי כותרת,השירים המשוגעים,
32,ע,עלי כינרות,50 שנה לעמק הירדן,
32,ע,עלילו פתי מאמין לכול דבר,,
32,ע,עלילות שובי דובי,,
32,ע,עם אחד שיר אחד,,
32,ע,עם ישראל חי,,
32,ע,עמוד האש,תקליט כפול,
32,ע,עמיהוד דליה,שירים ים תיכוניים,
32,ע,דליה עמיהוד,שירי חנוכה,
32,ע,דליה עמיהוד ,חג שמח שירי חג לילדים,
32,ע,דליה עמיהוד,לכול האוהבים לשיר,
32,ע,דליה עמיהוד,לכול האוהבים לשיר חלק ב תקליט שדרים,
32,ע,אנדה עמיר,מתחת לארון,
32,ע,אנדה עמיר,הסירים על הקיר,
32,ע,שירי אנדה עמיר,עטיפה אדומה,
32,ע,העמק הוא חלום,שירים ליובל העמק,
32,ע,עמק הנהר האדום,בני אמדורסקי דפנה ארמוני מתי כספי ריקי גל,
32,ע,אלברט עמר ,שקוף,
32,ע,ג'ו עמר,זכיפון עטיפה כחולה,
32,ע,ג'ו עמר,מבחר שירי עם ושירי מסורת,
32,ע,ג'ו עמר,עם מקהלת רבי חיים סוויסה,
32,ע,ג'ו עמר,להיטי זהב,
32,ע,ג'ו עמר,שירי אהבה ושלום,
32,ע,ג'ו עמר,שירי פולקלור מזרחיים,
32,ע,ג'ועמר,מבחר מן השירה המזרחית,
32,ע,ג'ו עמר,פרקיחזנות מזרחיים עם מקהלת מזמור שיר,
32,ע,ג'ו עמר,מהווי המזרח,
32,ע, עמרג'ו,כול הלהיטים בהקלטות חדשות,
32,ע,ג'ו עמר,מצעד הפזמונים,
32,ע,ג'ו עמר,מבחר שירי 1967,
32,ע,ג'ו עמר ,ערב עם ג'ו עמר,
32,ע,ג'ו עמר,יזראל סונג אוף היסטורי,
32,ע,ג'ו עמר,הופעה בקנגי הולcarbegue hall,
32,ע,ג'ו עמר,chassidic rhapsody ,
32,ע,ג'ו עמר,שר שירים חסידיים באנגלית,
32,ע,jo amar,canta,
32,ע,jo amar,israeli singing,
32,ע,jo amar,yismah moshe,
32,ע,ג'ו עמר ,שבת\מוצאי שבת,
32,ע,ג'ו עמר,פיוטים,
32,ע,ג'ו עמר,חגים ומועדים,
32,ע,ג'ו עמר,שמחת תורה,
32,ע,ג'ו עמר,ימים נוראים,
32,ע,ג'ו עמר,שירים לכול עת,
